n	n=0	n=1	n=2	n=3	n=4	n=5	n=6	n=7	n=8	n=9	n=10	n=11	n=12	n=13	n=14	n=15	n=16	n=17	n=18	n=19	n=20	n=21	n=22	n=23	n=24	n=25	n=26	n=27	n=28	n=29	n=30	n=31	n=32	n=33	n=34	n=35	n=36	n=37	n=38	n=39	n=40	n=41	n=42	n=43	n=44	n=45	n=46	n=47	n=48	n=49	n=50
0.5	1	1	1	1	1	1	1	1	1	1	1	1	1	1	1	1	1	1	1	1	1	1	1	1	1	1	1	1	1	1	1	1	1	1	1	1	1	1	1	1	1	1	1	1	1	1	1	1	1	1	1
0.505	0.99	0.9901980198019802	0.9852975198019802	0.9816225123394802	0.978560312371352	0.975881155341737	0.9734701551392164	0.9712602926285909	0.9692084826416719	0.9672851031361216	0.9654687597000551	0.9637434059884183	0.9620966421383467	0.9605186512635635	0.9590015040753946	0.9575386870117109	0.9561247719224657	0.954755178652784	0.9534260004692043	0.952133873127492	0.9508758749492763	0.9496494493803384	0.9484523441426808	0.9472825628320726	0.9461383259850842	0.9450180394455994	0.9439202684249849	0.9428437160515402	0.9417872054947812	0.9407496649623939	0.9397301150250656	0.9387276578424366	0.9377414679528955	0.9367707843584456	0.9358149036888112	0.9348731742702079	0.9339449909566273	0.9330297906071454	0.9321270481132315	0.9312362728964575	0.9303570058102725	0.9294888163902894	0.9286313004063342	0.9277840776767435	0.9269467901113715	0.9261190999547174	0.9253006882047196	0.92449125318621	0.9236905092609362	0.9228981856585018	0.9221140254146527
0.51	0.98	0.9807843137254901	0.9711803137254902	0.9639801949254901	0.9579824959650902	0.9527366085693764	0.9480171984326963	0.9436928029244565	0.939678899013708	0.9359173693113482	0.9323662345036734	0.9289940058676095	0.9257763479295731	0.922693992507831	0.9197313747390107	0.9168757074716446	0.9141163333045341	0.9114442588376356	0.9088518121898507	0.906332386122645	0.9038802419915709	0.9014903577999849	0.8991583088058352	0.8968801725443412	0.894652452428808	0.892472015672727	0.890336042382976	0.8882419834613955	0.8861875255207541	0.8841705614375296	0.8821891654726552	0.8802415721229419	0.878326158041413	0.8764414264992026	0.8745859939655121	0.8727585784630801	0.8709579894202242	0.8691831187908634	0.8674329332540938	0.8657064673370989	0.8640028173312223	0.8623211358921715	0.8606606272326046	0.8590205428295503	0.8574001775808306	0.8557988663543763	0.8542159808824346	0.8526509269594398	0.8511031419080292	0.8495720922824871	0.8480572717829759
0.515	0.97	0.9717475728155339	0.957634072815534	0.947058474428034	0.9382534074705745	0.9305559078730266	0.9236343932099074	0.9172953816849786	0.9114144543000334	0.9059060469091283	0.9007083442973336	0.8957749708518616	0.8910700798701894	0.886565283981225	0.8822376478536632	0.8780683259291537	0.8740416087122022	0.8701442372023539	0.866364898734967	0.8626938488128333	0.8591226224666084	0.855643810530158	0.8522508838341103	0.8489380533416802	0.8457001576346278	0.8425325714837308	0.839431130866837	0.8363920709565048	0.8334119744363219	0.8304877281178876	0.8276164862848772	0.824795639531439	0.8220227881205846	0.8192957190860717	0.8166123864541805	0.8139708940809598	0.8113694806941618	0.8088065068032281	0.806280443199802	0.8037898608187004	0.8013334217676	0.7989098713648453	0.796518031050226	0.7941567920544892	0.7918251097306002	0.7895219984640958	0.7872465270918019	0.7849978147681786	0.78277502722695	0.7805773733927631	0.7784041023036161
0.52	0.96	0.963076923076923	0.944644923076923	0.930843041476923	0.919359875985723	0.9093281826126107	0.9003141042152668	0.8920644196660179	0.8844162549730454	0.8772575728204233	0.8705074127959774	0.8641050210159911	0.8580034252425407	0.8521654184065035	0.8465609318439077	0.8411652524378156	0.8359577743294078	0.8309211015029558	0.8260403877692006	0.8213028416383024	0.8166973483721894	0.8122141770072244	0.8078447501043191	0.8035814605530917	0.7994175241844493	0.7953468599904647	0.7913639918818158	0.7874639674298269	0.7836422901357178	0.7798948625718943	0.7762179383349268	0.7726080811960415	0.769062130173215	0.7655771695079812	0.7621505027302384	0.7587796301503826	0.7554622292407079	0.752196137465103	0.7489793371934844	0.7458099423995528	0.7426861868906538	0.7396064138593201	0.7365690665794034	0.7335726800970901	0.730615873789706	0.7276973446839738	0.7248158614410238	0.7219702589285426	0.7191594333114479	0.7163823376017582	0.7136379776161894
0.525	0.95	0.9547619047619047	0.9321994047619048	0.9153198344494047	0.9012886916271391	0.8890421347825803	0.8780477883753777	0.8679948328792918	0.8586832828510423	0.8499755286449371	0.8417720985366022	0.8339983230801913	0.8265964521086836	0.819520726076858	0.8127341523107561	0.8062063166694867	0.7999118511523928	0.7938293320913823	0.7879404697034172	0.7822295000334218	0.776682720741439	0.7712881312062797	0.7660351496464184	0.7609143880201378	0.7559174709005797	0.7510368882577112	0.7462658746951752	0.7415983095517116	0.7370286336216733	0.7325517792339638	0.7281631111589779	0.7238583763609261	0.7196336610282734	0.7154853536330825	0.711410113015875	0.7074048406842645	0.7034666566642085	0.6995928783619803	0.6957810019900548	0.6920286861864404	0.6883337375186699	0.6846940976137701	0.6811078316965	0.6775731183517906	0.6740882403551098	0.6706515764375311	0.6672615938714993	0.6639168417793785	0.6606159450803801	0.6573575990028928	0.6541405640988875
0.53	0.94	0.9467924528301886	0.9202844528301887	0.9004750244301887	0.8840265957153886	0.8696860331403902	0.8568259902456347	0.8450800557336613	0.8342123815250548	0.8240606153549404	0.8145073521992549	0.8054644243613462	0.7968636134862764	0.7886508425285201	0.7807823761993774	0.7732222413436755	0.7659404202524611	0.7589115514214031	0.752113973721174	0.7455290091456799	0.7391404151453685	0.7329339599600062	0.7268970887739468	0.7210186580161979	0.7152887215310684	0.7096983567488228	0.7042395220691737	0.6989049388650408	0.6936879930994168	0.6885826527092787	0.6835833977715231	0.6786851611118767	0.6738832775075545	0.6691734400095727	0.664551662200568	0.6600142454300421	0.6555577502466066	0.6511789713875087	0.6468749157979145	0.6426427832425148	0.6384799491448043	0.6343839493485326	0.6303524665441738	0.6263833181429853	0.622474445414029	0.6186239037267504	0.6148298537644039	0.6110905535926012	0.6074043514832379	0.6037696794075285	0.6001850471232939
0.535	0.9299999999999999	0.9391588785046728	0.9088873785046728	0.8862950012671729	0.8675602724429758	0.8512477098716373	0.8366383419583723	0.8233120417820897	0.8109982548556294	0.7995106460707663	0.7887143998746056	0.778508222514296	0.7688136993817449	0.7595686385779266	0.7507227154953501	0.7422345152237164	0.734069460736424	0.7261983226948787	0.7185961229198883	0.7112413113959091	0.7041151377364896	0.6972011637132136	0.6904848799614745	0.6839534008628771	0.6775952189434066	0.6714000051742595	0.6653584450970147	0.6594621032109345	0.6537033098780742	0.6480750663333583	0.6425709643742761	0.6371851180457845	0.6319121051978751	0.6267469172236225	0.6216849156182196	0.6167217942588821	0.6118535465094148	0.607076436414691	0.6023869733790967	0.5977818898264129	0.5932581214221533	0.5888127895073134	0.5844431854479835	0.5801467566509186	0.5759210940328194	0.5717639207623587	0.5676730821200504	0.5636465363428822	0.5596823463389891	0.5557786721731239	0.5519337642368192
0.54	0.9199999999999999	0.9318518518518518	0.8979958518518517	0.8727663606518519	0.8518763419382518	0.8337145596686479	0.8174735674918774	0.8026812718172747	0.7890334771908671	0.7763205564963684	0.7643907517166507	0.7531299703889798	0.7424498358948592	0.7322802118295575	0.7225643094533232	0.7132553645880477	0.7043143092238479	0.6957080963830373	0.6874084672184855	0.6793910254455282	0.6716345303037499	0.6641203480702005	0.6568320206854996	0.6497549222799117	0.6428759826296802	0.6361834622439699	0.6296667677538332	0.6233162991016141	0.61712332207197	0.6110798612020416	0.6051786092182386	0.5994128499799838	0.5937763925424526	0.5882635144342394	0.5828689126199842	0.5775876609097319	0.5724151728061297	0.5673471689622204	0.5623796485674971	0.5575088640962502	0.5527312989462683	0.5480436475724093	0.5434427977820386	0.538925814910704	0.5344899276388269	0.5301325152454137	0.5258510961241423	0.5216433174117563	0.5175069455993915	0.5134398580148839	0.509440035078917
0.545	0.9099999999999999	0.9248623853211009	0.8875978853211008	0.8598758921586008	0.8369613546436977	0.8170735411027943	0.7993194910766945	0.7831767690408801	0.7683085149097932	0.7544824324667072	0.7415302352455934	0.7293253150431518	0.71776953016475	0.7067849381030669	0.6963083834242365	0.6862878207878023	0.6766797379113592	0.6674473010501261	0.6585589896957822	0.6499875713309746	0.6417093180306077	0.6337033985681895	0.6259514001847208	0.618436947697171	0.611145396740475	0.6040635842089019	0.597179623355836	0.590482734138952	0.5839631016583218	0.5776117571910977	0.5714204775550417	0.565381699455221	0.5594884461676413	0.5537342644494403	0.5481131699796156	0.5426195999574173	0.5372483717396135	0.531994646599113	0.5268538978480193	0.5218218826971539	0.5168946173283462	0.5120683547405169	0.507339564999904	0.50270491758171	0.49816126553753515	0.4937056312619932	0.4893351936645044	0.48504727657952196	0.48083933827140246	0.4767089619094934	0.4726538469054361
0.55	0.8999999999999999	0.9181818181818181	0.8776818181818181	0.847610568181818	0.8228017869318182	0.8013111801740056	0.7821630495527946	0.7647861210140456	0.7488117588502099	0.7339855539669	0.7201230524010052	0.7070853696782813	0.694764759505307	0.6830755806036977	0.6719483814569734	0.6613258802715472	0.651160146637094	0.6414105727233013	0.6320423792008425	0.6230254929354757	0.6143336891486234	0.6059439255433643	0.5978358182877103	0.5899912245178651	0.5823939059864172	0.5750292553349947	0.5678840712729849	0.5609463723635448	0.5542052415898723	0.5476506956858281	0.5412735745588417	0.5350654471417203	0.5290185307752696	0.5231256218100269	0.5173800355689151	0.5117755541663718	0.5063063809576899	0.5009671006127143	0.4957526439839115	0.49065825708011446	0.4856794735714416	0.4808120903437756	0.4760521456971105	0.47139589984453345	0.46683981742018044	0.46238055174734494	0.45801493065363874	0.45373994365003056	0.4495527303157514	0.445450569752325	0.44143087098797984
0.555	0.8899999999999999	0.9118018018018017	0.8682363018018017	0.8359575337143017	0.8093840378862673	0.7864135759238166	0.7659903084883819	0.7474955080805382	0.7305295671378371	0.7148164548966238	0.7001558592903676	0.6863968170109181	0.6734221026824986	0.6611384540759966	0.6494701690198779	0.6383547523131861	0.6277398628207965	0.6175811150328129	0.6078404594736446	0.5984849656697119	0.5894858915599885	0.5808179608798174	0.5724587942732324	0.5643884558710106	0.5565890878527505	0.5490446129305371	0.5417404898903956	0.5346635110304121	0.5278016330112227	0.5211438345963362	0.514679996215616	0.508400797378241	0.5022976287908536	0.4963625166722405	0.4905880572475655	0.4849673597887766	0.4794939968695181	0.4741619607419706	0.4689656249338693	0.4638997103172673	0.458959255024574	0.45413958768821794	0.449436303562749	0.44484524315600216	0.44036247305198906	0.43598426865470885	0.4317070986209033	0.4275276107822936	0.42344261938520966	0.4194490934986256	0.4155441464612224
0.56	0.8799999999999999	0.9057142857142857	0.8592502857142856	0.8249040969142856	0.7966944271798855	0.772366408000939	0.7507864818684463	0.7312897379386101	0.7134463178940241	0.6969589977728265	0.6816118674342327	0.6672420423556007	0.6537229109216236	0.6409536406445177	0.6288523014280605	0.6173511886367395	0.6063935417618511	0.5959311805257077	0.58592276268061	0.5763324742921521	0.5671290278521633	0.5582848839611916	0.5497756383188914	0.5415795329162278	0.5336770618984251	0.5260506505348441	0.5186843913156977	0.5115638251732759	0.5046757587016377	0.49800811035709214	0.4915497801867835	0.4852905388078582	0.4792209322516132	0.47333219997074427	0.46761620383678093	0.46206536636758244	0.45667261674950665	0.4514313434762587	0.4463353526319035	0.44137883101065734	0.4365563133996019	0.4318626534591137	0.427292997724663	0.42284276232673934	0.4185076120860831	0.4142834416915876	0.410166358710115	0.4061526682125599	0.40223885883002464	0.3984215900789253	0.3946976808149961
0.565	0.8700000000000001	0.8999115044247789	0.8507130044247788	0.8144377204122788	0.7847191939850382	0.7591549460707455	0.7365359551586586	0.7161522860234584	0.6975444712628444	0.6803944624898821	0.6644709651776664	0.6495992944804088	0.6356435159025928	0.6224952535627358	0.6100663528835882	0.5982838882065493	0.5870866585500191	0.5764226619645383	0.5662472332461517	0.5565216432723572	0.5472120270192049	0.5382885503741928	0.5297247535770935	0.5214970274147568	0.5135841906417418	0.5059671455983479	0.4986285949558307	0.49155280676410773	0.4847254180478485	0.47813326944816126	0.4717642650785735	0.4656072530194272	0.4596519228278766	0.4538887171714272	0.4483087552584639	0.44290376618060356	0.4376660306290513	0.43258832972249694	0.42766389990398257	0.4228863930409089	0.41824984100532236	0.4137486241279644	0.4093774430147623	0.4051312932927589	0.40100544291724005	0.3969954117256147	0.3930969529685109	0.38930603658618645	0.3856188340300363	0.3820317044557616	0.37854118213746035
0.57	0.8600000000000001	0.8943859649122807	0.8426139649122808	0.8045460133122808	0.7734444968550809	0.7467640609622719	0.7232223115478928	0.7020653413491904	0.6828046401651546	0.6651016481893777	0.6487098578192734	0.6334428721043657	0.6191554717092379	0.605731744667996	0.5930773004456555	0.5811139696556297	0.5697760817993063	0.5590077810841652	0.548761046181309	0.5389942000297366	0.5296707686934456	0.5207585939133985	0.5122291333817632	0.5040569021653025	0.4962190217999156	0.4886948525961532	0.48146569101853187	0.47451451850803783	0.46782579137743974	0.4613852638000092	0.45517983768787096	0.4491974345902028	0.44342688575448996	0.4378578372709345	0.4324806678214942	0.4272864170245604	0.42226672273583654	0.41741376595906987	0.4127202222543702	0.40817921872007357	0.4037842957763953	0.39952937310308834	0.39540871918477416	0.39141692400113437	0.3875488744681874	0.38379973229429176	0.3801649139624188	0.3766400725904223	0.3732210814548602	0.36990401899252723	0.3666851551181095
0.575	0.8500000000000001	0.8891304347826088	0.8349429347826087	0.7952167238451087	0.7628564145189369	0.7351782374483955	0.7108283611705868	0.6890098574474919	0.669205669157404	0.6510569872321909	0.6343022249048448	0.618743333738613	0.60422582744703	0.590626250980342	0.5778439567532385	0.5657955031679233	0.5544107185675993	0.5436298612128704	0.5334015227975715	0.5236810497966433	0.5144293338160887	0.5056118702543716	0.4971980155902115	0.4891603940863182	0.48147441852322015	0.47411789910014446	0.4670707213188091	0.46031457842757806	0.4538327474491065	0.44760990034231973	0.4416319437272782	0.4358858820125955	0.4303596998369138	0.4250422605582591	0.41992321816178124	0.41499294045367363	0.4102424418005651	0.4056633239842824	0.4012477239900203	0.3969882677455553	0.3928780289906798	0.3889104925875756	0.3850795216905414	0.38137932828216503	0.3778044466563687	0.37434970948975743	0.37101022619362134	0.36778136328166977	0.3646587265245608	0.3616381446927167	0.35871565471474864
0.58	0.8400000000000001	0.8841379310344828	0.8276899310344827	0.7864377326344828	0.7529409475336829	0.7243815885567408	0.6993361731083216	0.6769656080297937	0.6567247207467415	0.6382346702136734	0.6212188930431087	0.6054677284318604	0.5908174270345325	0.577136975589708	0.5643194449283261	0.5522760931188917	0.5409322191825494	0.5302241693803388	0.5200971257626907	0.5105034397755721	0.501401354455667	0.49275400931834445	0.4845286546237232	0.47669602322779414	0.46922982276151826	0.4621063208966443	0.4553040034838539	0.44880329036004263	0.442586297249013	0.43663663484175785	0.4309392381205702	0.425480220478197	0.4202467483131255	0.41522693264919286	0.41040973499933187	0.4057848852179843	0.40134280949999523	0.39707456701177035	0.3929717939026025	0.38902665365499733	0.3852317929035932	0.38158030199137727	0.3780656796458416	0.3746818012515596	0.3714228902733274	0.3682834924486056	0.3652584524219792	0.3623428925396206	0.3595321935599247	0.35682197706875296	0.35420808941515314
0.585	0.8300000000000001	0.8794017094017095	0.8208452094017094	0.7781970465392094	0.7436840207427313	0.7143578713106414	0.6887271099684891	0.6659112469907387	0.6453373684914521	0.6266067809189608	0.6094280225268505	0.5935798448660009	0.5788892325089341	0.5652175977514845	0.5524517087967157	0.5404975024171677	0.5292757302624943	0.5187188130399474	0.5087685149108621	0.49937418968973935	0.4904914349207238	0.48208104284343734	0.47410817137685735	0.4665416807929613	0.45935359698272304	0.45251867271518664	0.4460140256581058	0.4398188371847659	0.43391409979768425	0.4282824037938856	0.4229077558733776	0.4177754239543656	0.4128718036459835	0.40818430274078654	0.40370124079552283	0.3994117614206987	0.39530575533439116	0.39137379258106686	0.3876070625922564	0.38399732098817685	0.38053684219942596	0.3772183771345671	0.3740351152396493	0.37098065039475836	0.3680489501747093	0.36523432806924294	0.3625314183151428	0.35993515304056856	0.35744074146230387	0.3550436509107717	0.35273958948673634
0.59	0.8200000000000001	0.8749152542372882	0.8143992542372882	0.7704827930372882	0.7350714864896881	0.7050905038011626	0.6789818648366871	0.6558243723631627	0.6350176961970222	0.6161434400798119	0.5988953059840777	0.583040476160597	0.568396667065997	0.5548177069560593	0.5421840513768519	0.5303963092790694	0.5193706840003822	0.5090356763250887	0.4993296450580813	0.4901989657556235	0.48159661639133	0.4734810739775619	0.46581544177703726	0.4585667502806554	0.45170539103858043	0.44520465340267	0.4390403419408935	0.4331904577814477	0.4276349311264105	0.42235539509912867	0.4173349932643031	0.4125582147958491	0.4080107525118062	0.4036793799511733	0.39955184440831815	0.39561677341986434	0.3918635926555565	0.38828245352728374	0.3848641691205579	0.38160015728639884	0.3784823899209322	0.3755033476143922	0.3726559789778008	0.3699336640599493	0.3673301813537443	0.36483967796297645	0.36245664256074595	0.36017588082136553	0.35799249305020253	0.35590185377206895	0.35389959306946017
0.595	0.81	0.870672268907563	0.8083427689075631	0.763283215120063	0.7270891285402536	0.6965625834927602	0.6700805003986092	0.6466815938286947	0.6257384025032927	0.6068129567671473	0.5895841772412476	0.5738076976854833	0.559291973980037	0.5458832556536772	0.5334556945048519	0.5219045871060474	0.5111416117650635	0.5010913808317383	0.49168888728206583	0.4828775755143291	0.47460785798069494	0.46683595676829215	0.4595229863224811	0.45263421802368986	0.44613848390751076	0.44000768825364633	0.4342164038015016	0.4287415350850682	0.42356203553588634	0.41865866805642027	0.41401380103802266	0.4096112335076396	0.4054360443883702	0.4014744618586824	0.39771374957044303	0.394142107092495	0.39074858242492216	0.3875229948093357	0.3844558663648161	0.38153836132434993	0.3787622318454409	0.3761197695307794	0.37360376192793454	0.37120745338679506	0.3689245097444884	0.36674898638331466	0.3646752992706772	0.36269819864332675	0.3608127450432479	0.3590142874506852	0.3572984432922496
0.6	0.8	0.8666666666666667	0.8026666666666666	0.7565866666666667	0.7197226666666666	0.6887569066666668	0.6620024900266668	0.6384586033834667	0.6174709101472428	0.5985819862346411	0.5814560285538823	0.5658371551490303	0.5515245875198569	0.5383570253010173	0.5262023524836269	0.5149505982183854	0.5045089702602414	0.4947982562591674	0.485750155684049	0.47730526181393873	0.46941150838587764	0.46202295517721226	0.45509882531309187	0.4486027325678442	0.44250205416361177	0.43676741646363315	0.43137226931549333	0.42629253076985996	0.42150628822908576	0.4169935452620698	0.4127360056904298	0.4087168883348019	0.4049207671679379	0.40133343266525134	0.3979417709536204	0.3947336579934424	0.3916978665294111	0.3888239839434614	0.38610233946206474	0.38352393942705754	0.3810804095477277	0.3787639432221227	0.3765672551553052	0.3744835396176385	0.37250643278189877	0.37062997865779657	0.3688485982093158	0.3671570612964973	0.3655504611307907	0.36402419097336935	0.36257392284011336
0.605	0.79	0.8628925619834711	0.7973620619834711	0.7503816082709711	0.7129577618511556	0.6816559889075414	0.6547267606264209	0.6311302487553246	0.6101854791789995	0.5914156930183659	0.5744704343491356	0.5590823602253143	0.5450415119910333	0.5321791004483492	0.5203568127621452	0.5094594924200186	0.49938996885548126	0.4900653068293692	0.4814140225289255	0.47337397549565297	0.4658907440354719	0.4589163536065044	0.45240826760047936	0.44632857635580114	0.4406433381224214	0.43532203804570224	0.4303371399172331	0.4256637116447103	0.42127910989392636	0.41716271266630855	0.41329569104108166	0.40966081316905345	0.4062422750201795	0.4030255534758038	0.3999972782019027	0.3971451194019091	0.39445768907066514	0.39192445378721874	0.38953565741771057	0.3872822523687508	0.38515583825022304	0.38314860698502096	0.3812532935499121	0.3794631316529181	0.37777181375322477	0.37617345491359344	0.3746625600456208	0.3732339941674597	0.3718829553437054	0.3706049500197002	0.3693957704987405
0.61	0.78	0.859344262295082	0.792420262295082	0.7446566034950819	0.706780022066682	0.6752420865403248	0.6482317370381313	0.6246706091673679	0.6038513234056795	0.5852779180955332	0.5685853796297944	0.5534949910059971	0.5397877050922466	0.5272873457032016	0.5158495168622255	0.505354001720191	0.4956993872513361	0.4867991602205415	0.47857880582634627	0.47097360795265	0.46392695182174093	0.4573889937969221	0.45131560438946705	0.4456675178784265	0.4404096404746054	0.43551048175665985	0.43094168310938297	0.42667762333187953	0.42269508625657504	0.41897297865930194	0.41549208930404	0.41223488189874713	0.4091853162119814	0.40632869273426	0.4036515171495485	0.4011413815732312	0.39878686005901354	0.3965774163120971	0.3945033218948226	0.39255558349270603	0.3907258780377577	0.38900649467321535	0.38739028269778164	0.3858706047547662	0.3844412946373389	0.3830966191694557	0.3818312436961654	0.38064020077948213	0.37951886174889726	0.3784629108005333	0.37746832137727915
0.615	0.77	0.8560162601626016	0.7878327601626016	0.7394003155251017	0.7011750085949547	0.6694972189256054	0.6424953877893487	0.6190530730426289	0.5984367293386265	0.5801313489116944	0.5637574912094775	0.5490251946111963	0.5357064618715202	0.5236178805845124	0.5126091350682385	0.5025551230068631	0.4933503733443123	0.4849049867640791	0.47714161482894435	0.46999316664583857	0.46340103703672997	0.45731371623276285	0.4516856837834552	0.44647651764918717	0.44165016860441686	0.4371743633237045	0.433020108845969	0.42916127778425717	0.425574258494942	0.4222376579897622	0.4191320480364522	0.4162397469027853	0.41354463073140724	0.41103196971371225	0.4086882851494573	0.4065012241993985	0.4044594497082522	0.4025525429296397	0.40077091734948134	0.3991057420991836	0.39754887368987757	0.39609279499530425	0.3947305605725966	0.39345574754396584	0.3922624113736126	0.3911450459672048	0.39009854759942253	0.3891181822409929	0.38819955591248156	0.3873385877396205	0.3865314854255172
0.62	0.76	0.8529032258064516	0.7835912258064516	0.7346015042064516	0.6961282428432516	0.664403191523157	0.6374952719955054	0.6142504172462182	0.5939091769244703	0.5759376911002063	0.5599422699839081	0.5456218893669084	0.5327397957049689	0.5211055475157492	0.5105631287719796	0.5009827810415697	0.4922552119971363	0.48428737783802067	0.4769993405415156	0.4703218788140735	0.4641946399329725	0.4585646877594617	0.45338534623420035	0.44861526685928044	0.4442176684651151	0.44015971125359277	0.43641197675497645	0.4329480322440866	0.4297440631834507	0.42677856096289946	0.424032055968401	0.42148688810003265	0.4191270084524815	0.4169378071004394	0.41490596288800463	0.4130193118725859	0.4112667316687538	0.4096380394122193	0.40812390144564203	0.4067157531367249	0.40540572749048265	0.4041865914235765	0.4030516887383859	0.40199488897513047	0.4010105414375045	0.40009343378531237	0.3992387546700138	0.39844205995869375	0.3976992421510006	0.39700650264384274	0.3963603265415987
0.625	0.75	0.85	0.7796875	0.7302490234375001	0.691625213623047	0.6599416196346284	0.6332085872069002	0.6102348874643213	0.5902354613491299	0.5726578407400749	0.557094322492474	0.5432330640532046	0.5308288128930629	0.519684368491373	0.5096382948119653	0.5005564648116076	0.4923260563737837	0.48485117371052544	0.4780495801106859	0.47185021094416535	0.466191247313542	0.4610186008699254	0.4562847056871515	0.45194754319725206	0.4479698466202382	0.44431844546555754	0.44096372065469447	0.4378791479620143	0.4350409126718745	0.43242758218709154	0.43001982619087453	0.42780017613186194	0.4257528174584785	0.42386340930774846	0.42211892735039847	0.4205075262776624	0.4190184190363393	0.41764177041480366	0.4163686029818803	0.4151907137038875	0.4141005998288222	0.41309139284292196	0.4121567994832659	0.4112910489380487	0.4104888454895371	0.409745325958069	0.40905602139243646	0.4084168225255289	0.4078239485765023	0.4072739190339484	0.4067635281000095
0.63	0.74	0.8473015873015872	0.7761135873015873	0.7263318189015873	0.6876513848547873	0.6560939527377054	0.6296122180023351	0.6069782793240142	0.5873818152163238	0.570252056028189	0.5551675900871174	0.541806071845835	0.5299140776743985	0.5192879862825113	0.5097612866538617	0.5011958310177427	0.49347561454379607	0.4865022325109979	0.4801914858508928	0.47447079400350756	0.4692771886375977	0.46455573393550254	0.46025826586565577	0.4563423738925195	0.45277056964450124	0.44950960166116694	0.44652988564445895	0.4438050270307493	0.4413114180847234	0.43902789569239975	0.43693544900480774	0.4350169683348222	0.43325702843194525	0.43164170059096296	0.4301583890889843	0.4287956882628404	0.4275432571875478	0.4263917094353701	0.4253325158129171	0.42435791831267844	0.4234608537920358	0.42263488611997657	0.42187414571934645	0.4211732755882457	0.42052738301417325	0.41993199630351785	0.419383025940825	0.41887672966993494	0.4184096810550736	0.41797874113624867	0.4175810328414501
0.635	0.73	0.8448031496062992	0.7728616496062992	0.7228389261187992	0.6841922036644148	0.6528414993253876	0.6266827851319465	0.6044520198639358	0.5853140304182467	0.5686801272790919	0.5541155741010211	0.5412879167122009	0.5299359646908977	0.51985008641857	0.5108591078163827	0.5028212692779408	0.49561778517258437	0.4891481334995732	0.4833265316119377	0.47807924692163406	0.47334250922305277	0.469060865440707	0.4651858656793946	0.4616750014070161	0.45849083831980997	0.4556003015049557	0.45297408115752535	0.4505861347519632	0.4484132671414516	0.4464347741790623	0.44463213854027694	0.4429887687645707	0.44148977432485326	0.4401217709195575	0.4388727112648878	0.4377317375179526	0.4366890521394662	0.4357358045474934	0.4348639913514958	0.43406636831135514	0.4333363724564885	0.43266805303890454	0.4320560101913996	0.43149534032609593	0.4309815874455091	0.43051069965327604	0.43007899024856555	0.4296831028702096	0.42931998022629414	0.4289868360044028	0.4286811296086154
0.64	0.72	0.8425	0.7699239999999999	0.7197594688	0.6812331088383999	0.6501654521653657	0.6243966950144841	0.6026272489734195	0.5839975790356489	0.5679015442094151	0.5538915554966612	0.541625530178871	0.5308349961974899	0.5213047965851338	0.5128595735440309	0.505354424473446	0.4986682372694434	0.49269880933371	0.48735919115947823	0.48257489327536673	0.4782817161593169	0.474424038929919	0.47095345205565387	0.4678276522119521	0.4650095397963434	0.46246647515249817	0.4601696605442458	0.4580936228232604	0.45621577750337194	0.4545160592252555	0.452976606797473	0.4515814934293194	0.45031649463439183	0.4491688877276334	0.44812727796789953	0.4471814472891308	0.4463222222720574	0.44554135857654087	0.44483143951342563	0.4441857868076029	0.44359838190896395	0.44306379645881044	0.4425771307268621	0.44213395900661456	0.4417302811010648	0.44136247915192084	0.4410272791675489	0.4407217166913604	0.4404431061258377	0.44018901329008076	0.4399572308424171
0.645	0.71	0.8403875968992248	0.7672930968992248	0.7170826574867248	0.6787595396051342	0.648046913895854	0.6227301893974371	0.6014749004266788	0.5833977326275268	0.5678756595144863	0.5544488075704876	0.5427660365597546	0.532552161589603	0.5235870605079895	0.5156917373535186	0.5087186725362379	0.5025449301389622	0.49706710356047423	0.4921975251785088	0.48786136852846784	0.4839943954389001	0.48054117880248304	0.4774536824736959	0.47469011362905833	0.47221398598305475	0.46999334828272543	0.4680001438543885	0.4662096751480115	0.46460015319851045	0.46315231635127585	0.46184910592372785	0.46067538900031324	0.4596177204980635	0.4586641381446843	0.4578039851896103	0.4570277565994041	0.45632696523028804	0.4556940250655228	0.4551221490861401	0.4546052597346435	0.4541379102514158	0.4537152154271238	0.4533327905325494	0.4529866973687626	0.4526733965322447	0.45238970511694354	0.45213275918263895	0.45189998040990087	0.4516890464391625	0.4514978644572779	0.4513245476512656
0.65	0.7	0.8384615384615385	0.7649615384615385	0.7147977884615384	0.6767569447115385	0.6464669228756009	0.6216593949919682	0.6009657821490377	0.5834796792967616	0.5685618478009136	0.5557408003986486	0.5446570049193904	0.5350292171189985	0.5266329838414067	0.5192862797235138	0.5128395468600628	0.5071685708511806	0.5021692510633502	0.4977536753801578	0.4938471174493334	0.4903857015143105	0.48731456022596187	0.4845863630481452	0.4821601276943279	0.4800002507869622	0.4780757104676284	0.4763594054108464	0.4748276031476685	0.47345947679298206	0.472236713863481	0.4711431843263564	0.4701646576455528	0.4692885606124657	0.4685037693170456	0.4678004298454683	0.4671698032633791	0.46660413121924516	0.46609651912519634	0.46564083437644443	0.46523161748036124	0.46486400430204644	0.4645336579096834	0.4642367087318652	0.4639697019294772	0.46372955104384084	0.46351349711638823	0.4633190725876729	0.4631440693787283	0.46298651063859	0.46284462571062157	0.4627168279290731
0.655	0.69	0.8367175572519083	0.7629220572519083	0.7128942429144085	0.6752107917646866	0.6454064792072322	0.6211603728986174	0.6010706553639569	0.5842086379472045	0.5699196590006395	0.5577213958236062	0.5472466862421718	0.5382089639783613	0.5303801500388639	0.5235758568466409	0.5176451133950639	0.5124630076893795	0.5079252806341166	0.5039442659572542	0.5004457834343498	0.4973667229332769	0.49465313921603005	0.492258731092154	0.4901436143504181	0.4882733223715382	0.4866179853876559	0.48515165146991945	0.48385172107298946	0.48269847337768235	0.48167466743931886	0.4807652047376265	0.4799568424571681	0.47923794893162475	0.478598294321663	0.4780288708803542	0.4775217381765877	0.47706988945780926	0.47666713598502897	0.4763080067002269	0.4759876610154906	0.47570181286470425	0.4754466644480022	0.4752188483387042	0.4750153768215717	0.47483359749751874	0.47467115432935947	0.47452595342054593	0.47439613291799854	0.47428003651417383	0.4741761900949596	0.4740832811408999
0.66	0.6799999999999999	0.8351515151515152	0.7611675151515152	0.7113614863515152	0.6741065768091152	0.6448465708545141	0.6212091676441495	0.6017603122826611	0.5855499691796516	0.571908965458469	0.5603450319038987	0.5504842344832455	0.5420355032532296	0.53476790464917	0.5284954080078201	0.5230662933434473	0.5183555591314641	0.5142593401974342	0.5106907142621075	0.5075764933625455	0.5048547298588737	0.5024727513110001	0.5003855936508235	0.49855473895131663	0.4969470893203929	0.4955341260597742	0.4942912157534973	0.4931970340066395	0.4922330842028074	0.49138329359717214	0.4906336727917543	0.4899720274840601	0.4893877135724577	0.48887142840801345	0.4884150323226446	0.4880113956247446	0.4876542671004245	0.4873381607392643	0.48705825795421387	0.4868103230135612	0.4865906297698407	0.4863958980724715	0.4862232385005665	0.48607010425967845	0.4859342492591806	0.48581369153173903	0.4857066812779893	0.4856116729220906	0.4855273006505617	0.4854523569803765	0.4853857739648584
0.665	0.6699999999999999	0.8337593984962406	0.7596908984962406	0.7101890682337405	0.6734298341113125	0.6447681997756287	0.6217818556547537	0.6030056520124847	0.5874692823086891	0.5744901019558277	0.563566895877417	0.5543199103877688	0.5464544665620263	0.5397376069436205	0.5339824207840422	0.5290371331967705	0.5247772789533867	0.5210999464657411	0.5179194540442277	0.515164043269551	0.5127733111109024	0.5106961892199952	0.5088893355057931	0.5073158410552658	0.5059441814744199	0.5047473599105217	0.5037022019688437	0.5027887721162804	0.5019898880587654	0.501290714717679	0.5006784233079924	0.5001419039807409	0.4996715227755252	0.4992589154068696	0.4988968118053	0.4985788864406381	0.4982996303380798	0.498054241407215	0.4978385302778984	0.4976488393035554	0.49748197277410355	0.497335136694264	0.49720588674194266	0.4970920832360066	0.49699185212145014	0.4969035511292027	0.49682574039294636	0.4967571569105107	0.49669669232613334	0.4966433735849024	0.4965963460742887
0.67	0.6599999999999999	0.8325373134328358	0.7584853134328358	0.7093666218328358	0.6731661461236359	0.6451524079960714	0.6228545929960552	0.604777754375542	0.5899325380192733	0.5776239980078819	0.5673430848210338	0.5587052671797077	0.5514132215269001	0.5452328482338632	0.5399771538681305	0.5354950226316857	0.5316631589950243	0.5283801619260191	0.52556207586548	0.5231389915344264	0.5210524098515792	0.5192531713322768	0.5176998116083409	0.5163572427989429	0.5151956872885861	0.5141898092555046	0.5133180026936967	0.5125618043881888	0.5119054074546011	0.5113352563895373	0.5108397086083181	0.5104087505249029	0.5100337586044623	0.5097072976696255	0.5094229501953824	0.5091751714789593	0.5089591664892518	0.5087707849376446	0.5086064317075148	0.5084629902633764	0.5083377570554778	0.5082283852595256	0.5081328364580189	0.508049339090348	0.5079763526820074	0.5079125370158747	0.5078567255360261	0.5078079023814304	0.5077651825366755	0.507727794662544	0.5076950662331505
0.675	0.6499999999999999	0.8314814814814815	0.7575439814814815	0.7088838642939814	0.6733011536006221	0.6459803035463771	0.6244036622160372	0.6070479513459449	0.5929061462209038	0.5812723018485064	0.5716307533248823	0.5635933174368761	0.5568610515356838	0.5511996366793996	0.5464228178944099	0.5423808614992898	0.5389522719871289	0.5360377030432366	0.5335553903905084	0.5314376674086496	0.5296282681740838	0.5280802140414607	0.5267541398139262	0.5256169558186887	0.5246407698836465	0.5238020126247721	0.5230807233200027	0.5224599637120859	0.5219253344997676	0.5214645748147761	0.5210672291674646	0.5207243695420409	0.5204283627904301	0.5201726753959626	0.5199517091874483	0.5197606627784176	0.5195954144576922	0.5194524230201646	0.5193286436416589	0.5192214564002389	0.5191286054523587	0.5190481472044285	0.5189784060932425	0.5189179368137133	0.518865492018517	0.5188199946687753	0.5187805143435367	0.5187462469231987	0.5187164971518664	0.5186906636590258	0.5186682260842619
0.68	0.6399999999999999	0.8305882352941176	0.7568602352941176	0.7087305968941178	0.6738205658413177	0.6472330861915052	0.6264055181330281	0.6097878958314378	0.596357058698084	0.5853974955972672	0.5763882476367025	0.5689386806830707	0.5627493095646496	0.5575865488024041	0.5532657151798477	0.5496391777942415	0.5465878575918244	0.5440149843971462	0.5418414211222822	0.5400021035776861	0.5384432916392594	0.537120421475833	0.5359964101948784	0.5350403057627297	0.5342262036236339	0.5335323715072204	0.5329405382625769	0.5324353129844417	0.5320037083853544	0.5316347481109349	0.5313191420367498	0.5310490169018953	0.5308176921928629	0.530619493182164	0.5304495945877803	0.530303889553237	0.5301788796292002	0.5300715822224	0.5299794526090197	0.5299003181200529	0.5298323225205894	0.5297738789429387	0.5297236300101464	0.5296804140137001	0.529643236196478	0.5296112443467784	0.529583708037533	0.5295600009513959	0.5295395858211517	0.5295220015889677	0.5295068524499658
0.685	0.6299999999999999	0.8298540145985401	0.7564275145985402	0.7088967054860402	0.6747101710318746	0.648892072880408	0.6288368324173303	0.6129696275439548	0.6002528561981879	0.5899630011839399	0.5815752258690756	0.5746977114385292	0.5690315461292065	0.5643448483206666	0.5604553397835987	0.5572181990659104	0.5545173554509215	0.5522591041432027	0.5503673338131487	0.5487799020349418	0.5474458452557971	0.5463232064598695	0.5453773271423605	0.5445794929861216	0.543905852122834	0.5433365455985034	0.5428550045065768	0.5424473790462201	0.5421020727249943	0.5418093608728205	0.5415610771283748	0.5413503549902074	0.5411714141688433	0.5410193835306569	0.5408901540329567	0.5407802563178958	0.5406867586388533	0.5406071815954991	0.5405394267973007	0.5404817170936905	0.5404325464285709	0.5403906377175196	0.540354907423749	0.5403244357359642	0.5402984414375132	0.5402762607094176	0.5402573292361807	0.5402411670876577	0.5402273659367398	0.540215578244355	0.5402055081029485
0.69	0.6200000000000001	0.8292753623188406	0.7562393623188406	0.7093721611188406	0.6759558466632406	0.6509387228460557	0.6316745368218706	0.6165656357231022	0.6045618296415749	0.5949332766884299	0.5871527639987586	0.5808286076743399	0.575663611711857	0.5714285732724189	0.5679444397255122	0.565069880229305	0.5626923895611817	0.5607217767022746	0.5590853102331961	0.5577240428753343	0.5565899925331945	0.5556439563972783	0.5548537999869572	0.554193107112847	0.5536401071772168	0.5531768176561442	0.5527883549521992	0.5524623779682709	0.552188636985034	0.5519586065709419	0.5517651858938566	0.5516024533413977	0.5514654650787376	0.5513500892830424	0.5512528694421059	0.5511709114005523	0.5511017898616324	0.5510434708672205	0.5509942474292717	0.5509526860080461	0.5509175819528658	0.5508879223611237	0.5508628550869499	0.5508416628552595	0.5508237416198882	0.5508085824541886	0.5507957563851513	0.5507849016829248	0.5507757132005853	0.5507679334274445	0.5507613449757278
0.695	0.6100000000000001	0.8288489208633094	0.7562894208633093	0.7101470208258094	0.6775435699993124	0.6533546622879991	0.6348958649244187	0.6205489184968873	0.6092530551835479	0.6002739028366288	0.5930834475213956	0.5872914998126988	0.5826037342805949	0.5787945927357018	0.5756890435857838	0.573149891144576	0.5710687087015061	0.569359218939073	0.5679523742274346	0.5667926456972976	0.5658351890824022	0.5650436573052265	0.5643884970302611	0.5638456118694166	0.5633953063312733	0.5630214467251852	0.5627107910763832	0.5624524516310838	0.5622374620231119	0.5620584275075231	0.5619092414411652	0.5617848548232616	0.5616810884972525	0.5615944797711143	0.561522156891902	0.5614617361251071	0.5614112372250586	0.5613690139023927	0.5613336965465001	0.5613041449813081	0.56127940944985	0.5612586983584408	0.5612413515817716	0.5612268183490234	0.5612146389085118	0.5612044293125795	0.5611958687819258	0.5611886892044405	0.5611826664020074	0.561177612862972	0.5611733716906498
0.7	0.6000000000000001	0.8285714285714285	0.7565714285714286	0.7112114285714286	0.6794594285714286	0.6561217085714286	0.6384783922514286	0.6248930386850285	0.6142964629032366	0.6059516594750752	0.5993314487554007	0.5940485206011004	0.5898125727537433	0.5864026347366209	0.5836484540304834	0.581417567658512	0.5796060879244715	0.5781319962908958	0.5769301780531689	0.5759486931590252	0.575145941829815	0.5744884884911919	0.5739493767535209	0.573506815027051	0.573143144738778	0.5728440259266734	0.5725977913205489	0.5723949318873495	0.5722276855546451	0.5720897073301638	0.5719758039269196	0.5718817197158399	0.5718039636678445	0.5717396691356581	0.5716864800226675	0.5716424582097397	0.5716060081486354	0.5715758153480206	0.5715507961245923	0.5715300565051713	0.5715128585746054	0.5714985928912009	0.5714867558534104	0.571476931112044	0.5714687742918865	0.57146200042351	0.5714563735968454	0.571451698437821	0.5714478130822573	0.5714445833804452	0.5714418981140812
0.705	0.5900000000000001	0.8284397163120567	0.7570792163120568	0.7125556163495567	0.6816896306755535	0.6592218938786258	0.642400074661398	0.6295721758718205	0.6196628989404174	0.6119345919286351	0.6058625899145949	0.6010638563628886	0.5972532474867546	0.5942152871928674	0.5917852110693247	0.5898358300395483	0.5882681962968332	0.5870048353647237	0.5859847568746965	0.5851597258926167	0.5844914442837292	0.583949399400057	0.5835092086217758	0.5831513365203339	0.5828600947583007	0.5826228583202535	0.582429448467298	0.5822716449963301	0.5821427993389705	0.5820375266848694	0.5819514603004908	0.5818810549857456	0.5818234294847533	0.5817762398719508	0.5817375776366798	0.5817058875101215	0.5816799011083562	0.5816585832719445	0.581641088616646	0.581626726310321	0.5816149314872099	0.5816052420252806	0.5815972796626747	0.5815907346290494	0.5815853531273614	0.5815809271296439	0.5815772860531151	0.5815742899655895	0.5815718240357515	0.5815697939975426	0.5815681224412952
0.71	0.5800000000000001	0.8284507042253522	0.757806704225352	0.7141699054253522	0.684220515848952	0.6626374882507194	0.6466392848738055	0.6345611745976814	0.6253241809473665	0.6181920672251173	0.6126443921891198	0.6083037802874545	0.6048913490507981	0.6021979739495591	0.6000650280520781	0.5983710728909541	0.5970224361359424	0.5959464094429971	0.5950862590229318	0.5943975174671317	0.5938451974887576	0.5934016790229235	0.5930450944003784	0.5927580859210484	0.5925268444371153	0.5923403616694098	0.5921898462060773	0.5920682656038534	0.5919699861491952	0.5918904886003181	0.591826143284257	0.5917740317286544	0.5917318048946405	0.5916975702807167	0.5916698018591746	0.5916472681117804	0.5916289744430601	0.5916141170367459	0.5916020458358224	0.5915922348084404	0.5915842580406749	0.5915777704955673	0.5915724925136869	0.5915681973171658	0.5915647009273096	0.5915618540236545	0.5915595353661356	0.5915576464768286	0.5915561073374807	0.5915548529068467	0.5915538303001142
0.715	0.5700000000000001	0.8286013986013986	0.7587478986013986	0.7160447077138986	0.6870385653035642	0.6663510219597337	0.6511748470381329	0.6398355885410859	0.6312531467687816	0.6246948202482143	0.6196461111872396	0.615736668569419	0.6126949267406239	0.6103189081328333	0.6084567035489774	0.6069930306982587	0.6058397589489919	0.6049291031400028	0.6042086592239168	0.603637737438915	0.6031846253642484	0.6028245270034891	0.6025379993099641	0.6023097585124944	0.6021277637661728	0.6019825103467322	0.6018664822057899	0.6017737264092169	0.6016995212566487	0.6016401167192877	0.6015925309194781	0.6015543901871435	0.6015238031038133	0.6014992611273724	0.6014795600557844	0.6014637378644426	0.6014510254343965	0.601440807447968	0.6014325913169695	0.601425982466598	0.6014206646551461	0.6014163842888833	0.6014129379102271	0.6014101622091658	0.6014079260430674	0.6014061240565689	0.6014046715773651	0.6014035005302161	0.6014025561641586	0.6014017944296433	0.60140117987545
0.72	0.56	0.8288888888888889	0.7598968888888888	0.7181705272888889	0.6901304122936889	0.6703453071530757	0.6559860692462243	0.6453717205854799	0.6374236963083143	0.6314149899547772	0.6268387591959232	0.6233330003361806	0.6206344583891611	0.6185490251725044	0.6169320123398969	0.6156746231612612	0.6146944631487311	0.6139287621469427	0.6133294614852134	0.6128596097664176	0.6124906920884343	0.6122006342532967	0.6119723007254765	0.6117923572994792	0.6116504054072492	0.6115383201931444	0.6114497423868231	0.6113796868811716	0.6113242402836319	0.6112803265783804	0.6112455251183952	0.6112179289526853	0.611196034332851	0.6111786543836264	0.6111648515439512	0.6111538846194773	0.6111451672305512	0.6111382351628774	0.6111327206843074	0.6111283323203086	0.6111248389125123	0.6111220570420162	0.6111198410989694	0.61111807543555	0.6111166681607425	0.6111155462300926	0.6111146515577149	0.6111139379359076	0.6111133685932463	0.6111129142578025	0.6111125516202323
0.725	0.55	0.8293103448275863	0.7612478448275861	0.7205379620150861	0.6934828523959455	0.674603458714839	0.6610527739002248	0.6511466586888744	0.6438108265850406	0.6383261458636587	0.634195114814762	0.6310653424163419	0.6286828031780445	0.6268618979289415	0.6254655787595573	0.62439178438403	0.6235639784033631	0.6229244336109556	0.6224293977264208	0.6220455730284464	0.6217475281001443	0.6215157795405815	0.6213353605280503	0.6211947464601589	0.621085044560997	0.6209993799477606	0.6209324287692857	0.6208800620037759	0.6208390728878279	0.6208069677967873	0.6207818054316843	0.6207620728952841	0.6207465900152112	0.6207344353495539	0.6207248888725689	0.6207173875176939	0.6207114906490454	0.6207068532123088	0.6207032048342922	0.6207003335367909	0.6206980730342098	0.6206962928177866	0.6206948904088793	0.6206937853023126	0.6206929142277615	0.6206922274399203	0.6206916858123201	0.6206912585593961	0.6206909214500211	0.6206906554057607	0.6206904454004658
0.73	0.54	0.8298630136986301	0.7627950136986301	0.7231377052986301	0.6970828536798301	0.6791089142906008	0.6663553258575795	0.6571383074970348	0.650390660026971	0.64540330509066	0.641689720605083	0.6389083200970753	0.6368151392165856	0.6352336364023314	0.6340347356150642	0.6331232798551214	0.6324286411913538	0.6318981022289178	0.631492127573227	0.6311809479996402	0.6309420701810825	0.6307584471907355	0.6306171256909932	0.6305082400449236	0.6304242608068528	0.630359430934543	0.6303093413006406	0.6302706100691828	0.6302406398422808	0.6302174332533717	0.6301994526282392	0.6301855129687991	0.6301747001998046	0.6301663086125274	0.6301597929264424	0.6301547315031639	0.6301507980831386	0.6301477400457399	0.6301453616695505	0.6301435112302862	0.6301420710476411	0.6301409498006436	0.6301400765898904	0.6301393963462394	0.630138866278239	0.6301384531215548	0.6301381310080776	0.6301378798141845	0.6301376838797413	0.6301375310141378	0.6301374117246843
0.735	0.53	0.8305442176870749	0.7645327176870749	0.7259605479495748	0.7009175667475029	0.6838454534247855	0.6718746582840294	0.6633254156643797	0.6571404660911943	0.6526229402670047	0.6492988694734689	0.6468385750959875	0.6450088877169233	0.6436427745064373	0.642619371811928	0.6418505149526106	0.6412714657861527	0.64083442661824	0.640503944026511	0.6402536172333844	0.6400637199868733	0.6399194697657353	0.6398097602600488	0.6397262281904386	0.6396625631340362	0.63961399505204	0.6395769124472104	0.6395485769870457	0.639526909647754	0.6395103300705695	0.6394976356314437	0.6394879102312125	0.6394804553825268	0.6394747380610504	0.6394703511862694	0.6394669836340998	0.6394643974550605	0.6394624105475832	0.6394608834668815	0.6394597093728931	0.6394588063636595	0.6394581116233466	0.6394575769520493	0.6394571653487177	0.6394568483974012	0.63945660426673	0.639456416177882	0.639456271230687	0.6394561595036927	0.639456073363926	0.6394560069372447
0.74	0.52	0.8313513513513513	0.7664553513513513	0.7289973801513514	0.7049743346217514	0.6887972157621187	0.6775922961551828	0.6696875988698097	0.6640386763411883	0.6599629787367878	0.6570005805757938	0.6548347120323279	0.6532436256208698	0.6520701463562057	0.6512017717003543	0.6505573384628948	0.6500779145039974	0.6497204799714417	0.6494534889909589	0.6492537204062288	0.6491040243429681	0.6489916984049398	0.6489073106021263	0.6488438417684682	0.6487960580152674	0.6487600497716469	0.6487328920662426	0.6487123934302033	0.6486969098234313	0.6486852064286556	0.6486763547879779	0.648669656102357	0.6486645839440393	0.6486607414037018	0.6486578289910072	0.6486556205598564	0.648653945231366	0.6486526738059597	0.6486517085397911	0.6486509754455381	0.6486504184893972	0.6486499952138697	0.6486496734336191	0.6486494287396583	0.6486492426129127	0.6486491009975319	0.648648993221304	0.6486489111782905	0.6486488487096926	0.6486488011346496	0.6486487648945063
0.745	0.51	0.8322818791946309	0.7685573791946309	0.7322391935321308	0.7092407024613527	0.693948718267254	0.683490377357068	0.676205358537555	0.6710648931509606	0.6674027934816421	0.6647745655839667	0.6628772347234952	0.66150098853539	0.6604987544519796	0.6597664489904571	0.6592298443173965	0.6588356706227063	0.6585454984255674	0.6583314819215675	0.6581733683118834	0.6580563796359895	0.6579697024335482	0.6579054046656543	0.6578576552435095	0.6578221592573148	0.657795747803237	0.6577760791405622	0.6577614203510413	0.657750487418628	0.6577423278392753	0.657736234279483	0.6577316809583316	0.657728276697149	0.6577257302193587	0.6577238244701052	0.6577223975879953	0.6577213287901046	0.6577205278908583	0.6577199275118907	0.6577194772869128	0.6577191395471824	0.6577188861068666	0.6577186958662204	0.657718553023352	0.6577184457392224	0.657718365140435	0.6577183045739391	0.657718259049725	0.6577182248238942	0.6577181990866043	0.6577181797284068
0.75	0.5	0.8333333333333334	0.7708333333333334	0.7356770833333334	0.7137044270833334	0.6992848714192709	0.6895516713460287	0.6828600962956747	0.6781998922427496	0.6749231862680366	0.6726021862026149	0.670948473656002	0.6697645658101313	0.6689136320459118	0.6682999778890227	0.6678561744362725	0.6675344169330287	0.6673006399970781	0.6671304641392906	0.6670063775763204	0.6669157617309935	0.6668494988940983	0.6668009850313714	0.6667654265751681	0.6667393374904539	0.6667201783188668	0.6667060963277502	0.666695737940054	0.6666881130157776	0.6666824964420918	0.6666783566399355	0.6666753035358453	0.6666730506404883	0.666671387370088	0.6666701588180879	0.6666692509542936	0.6666685797835601	0.6666680833968714	0.6666677161378015	0.6666674443177661	0.6666672430663936	0.6666670940145959	0.6666669835890264	0.6666669017557917	0.6666668410945276	0.666666796115579	0.6666667627561922	0.6666667380086035	0.6666667196453661	0.6666667060164009	0.6666666958989803
0.755	0.49	0.8345033112582781	0.7732778112582781	0.7393022506707781	0.7183534862718688	0.7047909943404599	0.6957595953384154	0.689634124226937	0.6854256192997958	0.6825063635539286	0.680466403856804	0.6790325059858966	0.6780197895436979	0.6773017018520977	0.6767908238876602	0.6764263252319832	0.6761656224284922	0.6759787563618238	0.6758445606944701	0.675748027413925	0.6756784820442359	0.6756283118406787	0.6755920747388195	0.6755658722669642	0.6755469065191023	0.6755331661113603	0.6755232029142255	0.6755159729094649	0.6755107224933964	0.6755069070816699	0.675504132731346	0.6755021142019048	0.675500644780841	0.6754995745440813	0.6754987946739053	0.6754982261336377	0.6754978114801643	0.6754975089391997	0.6754972881141408	0.6754971268755281	0.6754970091045713	0.6754969230550745	0.675496860163491	0.6754968141839787	0.6754967805593215	0.6754967559631524	0.6754967379666545	0.6754967247957808	0.675496715154323	0.6754967080949177	0.6754967029249623
0.76	0.48	0.8357894736842105	0.7758854736842106	0.7431060048842105	0.7231760878538106	0.7104528288216032	0.7020982280106945	0.6965106709883588	0.6927251809279696	0.6901359057266634	0.6883517224946165	0.6871150694128203	0.6862538192374544	0.6856516331148386	0.6852291763888189	0.6849319599767758	0.68472233918569	0.6845741792105506	0.6844692610314494	0.6843948390697404	0.6843419697081423	0.6843043605590758	0.6842775742485636	0.6842584751221447	0.6842448433282623	0.6842351047747126	0.6842281416310162	0.6842231590196377	0.6842195910269918	0.6842170343054046	0.6842152010831286	0.6842138858561391	0.6842129417437792	0.6842122636822825	0.6842117764642761	0.6842114262175811	0.6842111743281638	0.6842109931021245	0.684210862666397	0.6842107687526731	0.6842107011116747	0.684210652377688	0.6842106172549851	0.6842105919345268	0.6842105736755322	0.6842105605051532	0.6842105510028127	0.6842105441452628	0.6842105391952205	0.68421053562129	0.684210533040358
0.765	0.47	0.8371895424836602	0.7786510424836601	0.7470797659711601	0.7281606785210446	0.7162565522088387	0.7085523207008422	0.7034738838965585	0.7000828302695954	0.6977967302728929	0.6962441254601326	0.6951834712453193	0.694455423728805	0.693953698883393	0.6936067850984549	0.6933662288850897	0.6931990110444932	0.6930825223937318	0.6930012191399331	0.692944378002621	0.6929045791845125	0.6928766753376632	0.6928570874351145	0.6928433219030445	0.6928336383001095	0.6928268198937153	0.692822014839998	0.6928186259742186	0.6928162341692324	0.6928145449356056	0.6928133511512891	0.6928125070084921	0.6928119097761016	0.6928114870167557	0.692811187616665	0.692810975484216	0.6928108251189781	0.6928107184931083	0.6928106428545895	0.6928105891786103	0.6928105510750648	0.6928105240173086	0.6928105047973595	0.6928104911408306	0.6928104814346114	0.6928104745341845	0.6928104696272217	0.6928104661369794	0.6928104636538464	0.6928104618868254	0.6928104606291269
0.77	0.45999999999999996	0.8387012987012987	0.7815692987012988	0.7512150671012987	0.7332959523800987	0.7221887891201629	0.7151073061121582	0.7105088270961937	0.7074839475994921	0.7054750495037452	0.7041310073933307	0.7032264939338639	0.7026148619325724	0.7021996351607624	0.7019168018481179	0.7017235984122505	0.7015912952754142	0.7015005005939712	0.7014380733755292	0.7013950783629166	0.7013654222135327	0.7013449390077149	0.7013307741881183	0.7013209678835115	0.7013141721144189	0.7013094582858195	0.7013061857951631	0.7013039121441741	0.7013023313167461	0.7013012314560629	0.701300465748226	0.7012999323612514	0.7012995606042949	0.7012993013665518	0.7012991205050196	0.7012989942668619	0.7012989061172812	0.701298844539412	0.7012988015071329	0.7012987714241725	0.7012987503866182	0.7012987356699023	0.7012987253717189	0.7012987181633339	0.7012987131162908	0.7012987095815941	0.7012987071054371	0.7012987053703938	0.7012987041543647	0.7012987033019031	0.701298702704181
0.775	0.44999999999999996	0.8403225806451613	0.7846350806451613	0.7555035572076613	0.7385708592096145	0.7282366219626815	0.7217493045309193	0.7176014759479863	0.7149150162568618	0.7131583234744623	0.7120011021040566	0.7112342982934916	0.7107237638018893	0.710382503402659	0.7101536292406749	0.7099996909315478	0.7098958980266188	0.7098257648364055	0.7097782856980015	0.7097460889072712	0.7097242226263035	0.7097093521886031	0.7096992270137901	0.7096923252113907	0.7096876158565469	0.709684399514356	0.7096822009836513	0.709680696998392	0.7096796673951498	0.7096789620709645	0.7096784785894765	0.709678146981611	0.7096779194157132	0.7096777631686124	0.7096776558375073	0.7096775820749944	0.7096775313606325	0.7096774964786605	0.7096774724772711	0.7096774559565779	0.7096774445811276	0.7096774367459306	0.7096774313475278	0.7096774276269677	0.7096774250620526	0.7096774232933541	0.7096774220733943	0.7096774212317216	0.7096774206509002	0.7096774202499974	0.7096774199732211
0.78	0.43999999999999995	0.8420512820512821	0.7878432820512821	0.7599370036512821	0.7439746124064821	0.7343876002248553	0.7284651275795333	0.724738707791097	0.7223635942870843	0.7208352087472523	0.7198444073479636	0.7191983255715156	0.7187750127915868	0.7184965576449498	0.7183127772481692	0.7181911356289745	0.7181104239818064	0.7180567547720218	0.718020999713061	0.7179971391703812	0.7179811922906356	0.7179705200008345	0.7179633689568228	0.7179585720364997	0.7179553510087837	0.7179531861560557	0.7179517299202416	0.7179507495822912	0.7179500891395071	0.7179496439067213	0.7179493435680371	0.7179491408514387	0.7179490039510346	0.7179489114508539	0.7179488489207317	0.7179488066312423	0.7179487780184154	0.7179487586513467	0.7179487455374334	0.7179487366544826	0.7179487306353951	0.7179487265555373	0.7179487237892743	0.7179487219131157	0.7179487206402948	0.7179487197765584	0.7179487191902774	0.7179487187922282	0.7179487185219136	0.7179487183383026	0.7179487182135581
0.785	0.42999999999999994	0.8438853503184713	0.7911888503184714	0.7645072949559714	0.7494966966016183	0.7406297485212224	0.7352422795370548	0.7319082892517774	0.729818282184586	0.7284955036492164	0.7276521074038345	0.72711119943884	0.7267626309701798	0.726537117337537	0.7263907286323474	0.7262954311537194	0.726233240336825	0.7261925673482298	0.7261659166117057	0.7261484244748179	0.7261369262948264	0.7261293579340469	0.7261243701860742	0.7261210794853419	0.7261189062278874	0.7261174696277406	0.7261165191759567	0.7261158898653806	0.726115472885358	0.726115196408988	0.7261150129778802	0.7261148912074449	0.7261148103261472	0.7261147565763542	0.7261147208396642	0.7261146970686165	0.7261146812500371	0.7261146707192352	0.7261146637059631	0.7261146590336014	0.7261146559197296	0.7261146538438321	0.7261146524594845	0.7261146515360372	0.726114650919867	0.7261146505086176	0.7261146502340677	0.726114650050734	0.726114649928282	0.7261146498464758	0.7261146497918118
0.79	0.41999999999999993	0.8458227848101266	0.7946667848101266	0.7692064436101267	0.7551268749265266	0.7469515733703944	0.7420689562690099	0.7390988602862376	0.7372686871416535	0.736130090674079	0.7354164943146344	0.7349666288977135	0.7346816677838934	0.7345004467635594	0.7343848138125078	0.7343108202871299	0.7342633549204705	0.7342328412161965	0.7342131878777507	0.7342005081988967	0.7341923153912431	0.7341870145627631	0.7341835806860738	0.7341813537546067	0.7341799080887921	0.7341789687312874	0.7341783578408001	0.7341779602497751	0.7341777012943229	0.7341775325201069	0.7341774224525471	0.7341773506290614	0.7341773037357395	0.7341772731035561	0.7341772530840319	0.7341772399944426	0.7341772314322805	0.7341772258293444	0.7341772221614807	0.7341772197595124	0.7341772181860016	0.7341772171548722	0.7341772164789592	0.7341772160357629	0.7341772157450779	0.7341772155543712	0.7341772154292245	0.7341772153470798	0.7341772152931485	0.7341772152577324	0.7341772152344701
0.795	0.4099999999999999	0.8478616352201258	0.7982721352201259	0.7740265889326258	0.7608551959119415	0.7533420686905303	0.7489340418184562	0.7462999151603765	0.7447053842182888	0.7437308766672135	0.743130888609809	0.742759313005918	0.7425280933304769	0.7423836417284909	0.7422930955752846	0.7422361766464834	0.7422003080451208	0.7421776560145559	0.742163323475205	0.7421542396312022	0.742148473709031	0.7421448088744842	0.7421424766523108	0.7421409908306678	0.7421400432802154	0.742139438440995	0.7421390520322009	0.7421388049765368	0.7421386469034603	0.7421385456957617	0.7421384808560025	0.7421384392914476	0.7421384126325454	0.742138395525153	0.7421383845418181	0.7421383774870769	0.7421383729537909	0.7421383700395869	0.7421383681654898	0.7421383669598413	0.7421383661839553	0.7421383656844779	0.7421383653628394	0.7421383651556593	0.7421383650221692	0.7421383649361359	0.742138364880674	0.7421383648449112	0.7421383648218455	0.7421383648069657	0.7421383647973644
0.8	0.3999999999999999	0.85	0.802	0.77896	0.766672	0.75979072	0.7558271027200001	0.7535017805824	0.752119874854912	0.7512907314184193	0.7507895602745835	0.7504848482191315	0.7502986968543464	0.750184524017278	0.7501142638098514	0.7500709032246966	0.7500440774760142	0.7500274455118311	0.7500171141270209	0.7500106857098057	0.7500066797908673	0.7500041800974498	0.750002618384229	0.7500016416035963	0.7500010300539828	0.750000646816225	0.7500004064495033	0.7500002555731612	0.7500001608004662	0.7500001012290578	0.7500000637606963	0.7500000401806074	0.7500000253327578	0.7500000159786125	0.7500000100826665	0.7500000063647523	0.7500000040192796	0.7500000025390255	0.7500000016044654	0.7500000010142167	0.7500000006413007	0.7500000004056178	0.7500000002566201	0.7500000001623969	0.7500000001027951	0.7500000000650835	0.7500000000412163	0.7500000000261073	0.7500000000165404	0.7500000000104814	0.7500000000066431
0.805	0.3899999999999999	0.8522360248447205	0.8058455248447205	0.7839990786322205	0.77256792565153	0.7662875073145262	0.762738380108102	0.7606955912162645	0.7595045431528786	0.7588034252663161	0.7583876506742865	0.7581396390512678	0.7579909910303604	0.7579015439418797	0.7578475402622094	0.757814842384261	0.7577949957532828	0.7577829234818036	0.7577755662489909	0.75777107496491	0.7577683291001955	0.7577666480749526	0.7577656176905301	0.7577649854162052	0.7577645970417011	0.7577643582617739	0.757764211330456	0.7577641208464772	0.7577640650837144	0.7577640306955157	0.7577640094754476	0.7577639963734348	0.7577639882793706	0.7577639832765181	0.7577639801828222	0.7577639782688573	0.7577639770842469	0.757763976350761	0.7577639758964287	0.7577639756149072	0.7577639754404061	0.7577639753322065	0.7577639752650964	0.7577639752234596	0.7577639751976201	0.7577639751815797	0.7577639751716199	0.7577639751654339	0.7577639751615912	0.7577639751592034	0.7577639751577194
0.81	0.3799999999999999	0.8545679012345679	0.8098039012345679	0.789136362434568	0.778533915030168	0.7728229067357879	0.7696587797003696	0.767873262814283	0.7668526103474278	0.7662635662924939	0.7659210960789554	0.7657208126486738	0.7656031224635234	0.765533691138794	0.7654925931354253	0.7654681967735113	0.7654536789864634	0.7654450211226852	0.7654398481000062	0.7654367520459329	0.7654348962711213	0.7654337824165217	0.7654331130535561	0.765432710358711	0.7654324678488718	0.7654323216700035	0.7654322334820464	0.7654321802375498	0.7654321480672248	0.7654321286168168	0.765432116849588	0.7654321097264137	0.7654321054121139	0.7654321027977292	0.7654321012126989	0.7654321002513036	0.7654320996679232	0.7654320993137823	0.7654320990987192	0.7654320989680684	0.7654320988886709	0.7654320988404048	0.7654320988110545	0.7654320987932015	0.765432098782339	0.765432098775728	0.7654320987717036	0.765432098769253	0.7654320987677605	0.7654320987668514	0.7654320987662973
0.815	0.3700000000000001	0.8569938650306748	0.8138703650306748	0.7943645278931748	0.784561219245153	0.7793878907302337	0.7765798597456206	0.7750274632160356	0.774158087893828	0.773666537653056	0.773386553366747	0.7732261377698277	0.7731337886981666	0.7730804136282612	0.7730494612199342	0.7730314605152387	0.7730209661644037	0.7730148348071333	0.7730112457450216	0.773009141308422	0.7730079055223328	0.7730071788523072	0.7730067510322502	0.7730064988780257	0.7730063501097739	0.7730062622568525	0.7730062103324373	0.773006179619046	0.7730061614388228	0.7730061506701247	0.7730061442874988	0.7730061405022931	0.7730061382562557	0.7730061369228362	0.7730061361308354	0.7730061356602042	0.7730061353804212	0.7730061352140276	0.7730061351150319	0.773006135056113	0.7730061350210345	0.7730061350001434	0.7730061349876973	0.7730061349802807	0.7730061349758597	0.7730061349732236	0.7730061349716515	0.7730061349707137	0.7730061349701541	0.7730061349698201	0.7730061349696207
0.82	0.3600000000000001	0.8595121951219512	0.8180401951219511	0.7996763935219512	0.7906414031347512	0.7859739271007236	0.7834938170352828	0.7821515814678661	0.7814157295802208	0.781008435560409	0.780781328414962	0.7806539485592237	0.7805821619045242	0.7805415450152954	0.7805184871197177	0.7805053599303668	0.7804978679808605	0.7804935829603404	0.7804911274923464	0.7804897180537178	0.7804889078193769	0.7804884414160809	0.7804881726078727	0.780488017510424	0.7804879279315323	0.780487876145975	0.7804878461832659	0.7804878288334745	0.7804878187798485	0.7804878129501819	0.7804878095676885	0.7804878076039483	0.7804878064632559	0.780487805800314	0.7804878054148433	0.7804878051906083	0.7804878050601112	0.7804878049841357	0.7804878049398861	0.7804878049141047	0.7804878048990787	0.7804878048903181	0.7804878048852091	0.7804878048822285	0.7804878048804892	0.780487804879474	0.7804878048788813	0.7804878048785352	0.780487804878333	0.7804878048782149	0.780487804878146
0.825	0.3500000000000001	0.8621212121212121	0.822308712121212	0.8050649230587121	0.796766349572384	0.7925729766575738	0.7903934710851012	0.7892396953226735	0.7886209830700717	0.7882860083895614	0.7881033076158999	0.7880030734039497	0.7879478192946121	0.7879172395984757	0.7879002590460538	0.7878908030009238	0.78788552416373	0.7878825709017656	0.7878809155550043	0.7878799861467705	0.7878794635380749	0.7878791692767162	0.7878790033868752	0.7878789097627961	0.7878788568702798	0.7878788269612147	0.7878788100341793	0.787878800446804	0.7878787950126266	0.7878787919304291	0.787878790181149	0.7878787891877767	0.7878787886233569	0.7878787883024976	0.7878787881200088	0.7878787880161713	0.7878787879570619	0.7878787879234002	0.7878787879042233	0.7878787878932944	0.7878787878870639	0.7878787878835107	0.7878787878814838	0.7878787878803272	0.7878787878796669	0.7878787878792899	0.7878787878790748	0.7878787878789518	0.7878787878788815	0.7878787878788414	0.7878787878788185
0.83	0.3400000000000001	0.8648192771084338	0.8266712771084337	0.8105232287084336	0.8029282632776337	0.7991774895996331	0.7972722466021559	0.7962865373833612	0.7957699412633511	0.7954965973413508	0.7953508928823059	0.7952727690654551	0.795230680214235	0.7952079150560909	0.7951955605798828	0.7951888367444527	0.7951851683094933	0.7951831625468238	0.7951820637900333	0.7951814608777656	0.7951811295489155	0.7951809472219626	0.7951808467667574	0.7951807913584058	0.7951807607657686	0.7951807438590025	0.7951807345076674	0.7951807293312718	0.795180726463817	0.7951807248743255	0.7951807239926837	0.7951807235033784	0.7951807232316689	0.7951807230807121	0.795180722996803	0.7951807229501411	0.7951807229241814	0.7951807229097332	0.7951807229016888	0.7951807228972084	0.795180722894712	0.7951807228933208	0.7951807228925449	0.7951807228921124	0.795180722891871	0.7951807228917365	0.7951807228916614	0.7951807228916192	0.7951807228915959	0.7951807228915829	0.7951807228915755
0.835	0.33000000000000007	0.8676047904191617	0.8311232904191617	0.8160445744316616	0.8091196741144022	0.8057804006201659	0.8041241543597595	0.8032874601551587	0.8028592938487287	0.8026380790504721	0.8025229404348929	0.8024626601883994	0.8024309497647316	0.8024142023008518	0.8024053277553285	0.8024006116633633	0.8023980992596907	0.8023967579423288	0.8023960404835071	0.8023956560750491	0.8023954498024823	0.8023953389675911	0.8023952793407945	0.8023952472272926	0.8023952299142754	0.8023952205718466	0.8023952155262065	0.8023952127990283	0.8023952113239127	0.8023952105254932	0.8023952100930706	0.8023952098587341	0.8023952097316746	0.802395209662746	0.8023952096253351	0.8023952096050211	0.8023952095939859	0.8023952095879889	0.8023952095847285	0.8023952095829555	0.8023952095819908	0.8023952095814659	0.8023952095811802	0.8023952095810246	0.8023952095809398	0.8023952095808936	0.8023952095808684	0.8023952095808548	0.8023952095808473	0.8023952095808433	0.802395209580841
0.84	0.32000000000000006	0.8704761904761904	0.8356601904761904	0.8216223792761904	0.8153334398585904	0.8123751227565514	0.8109437706099009	0.8102384002720314	0.8098862793993671	0.8097088104795441	0.8096187035933194	0.8095726842043868	0.8095490687274188	0.8095369020336849	0.809530612788924	0.80952735244444	0.8095256581086185	0.8095247756985227	0.8095243152673159	0.809524074615272	0.8095239486453262	0.8095238826169194	0.8095238479652115	0.8095238297598343	0.8095238201853889	0.809523815145401	0.8095238124900933	0.8095238110900516	0.8095238103513275	0.8095238099612811	0.8095238097552074	0.8095238096462688	0.8095238095886479	0.809523809558155	0.8095238095420103	0.8095238095334586	0.8095238095289269	0.8095238095265245	0.8095238095252504	0.8095238095245744	0.8095238095242157	0.8095238095240253	0.8095238095239241	0.8095238095238704	0.809523809523842	0.8095238095238266	0.8095238095238186	0.8095238095238143	0.809523809523812	0.8095238095238109	0.8095238095238102
0.845	0.31000000000000005	0.8734319526627219	0.8402774526627219	0.8272502207502218	0.8215627484177562	0.8189555400071498	0.8177262151694649	0.8171358421605402	0.8168486383425486	0.8167075763923182	0.8166377797230217	0.8166030415717294	0.8165856694959702	0.8165769474834171	0.8165725537695934	0.8165703341124452	0.816569209996678	0.8165686394763103	0.8165683493717374	0.816568201607779	0.8165681262314395	0.8165680877290169	0.8165680680378696	0.8165680579561364	0.8165680527891386	0.8165680501385439	0.8165680487776705	0.8165680480784197	0.8165680477188662	0.8165680475338599	0.8165680474386061	0.8165680473895345	0.8165680473642405	0.816568047351196	0.8165680473444655	0.8165680473409913	0.8165680473391972	0.8165680473382702	0.8165680473377912	0.8165680473375435	0.8165680473374155	0.8165680473373491	0.8165680473373149	0.8165680473372972	0.8165680473372879	0.8165680473372832	0.8165680473372806	0.8165680473372794	0.8165680473372787	0.8165680473372784	0.8165680473372782
0.85	0.30000000000000004	0.8764705882352941	0.844970588235294	0.8329218382352941	0.8278011194852941	0.8255159987431065	0.8244671283224425	0.823976781400782	0.8237445671085957	0.8236335396501442	0.8235800614243233	0.8235541512239131	0.8235415376672588	0.8235353727914441	0.8235323496311888	0.8235308628841632	0.8235301299178795	0.8235297677867252	0.8235295885318037	0.8235294996512383	0.8235294555150209	0.8235294335682868	0.8235294226419484	0.823529417196162	0.8235294144791881	0.8235294131223994	0.8235294124442762	0.8235294121050843	0.8235294119352999	0.8235294118502561	0.8235294118076316	0.8235294117862554	0.8235294117755294	0.8235294117701445	0.8235294117674399	0.823529411766081	0.8235294117653975	0.823529411765054	0.8235294117648811	0.8235294117647941	0.8235294117647503	0.8235294117647283	0.8235294117647171	0.8235294117647116	0.8235294117647087	0.8235294117647073	0.8235294117647065	0.8235294117647062	0.823529411764706	0.8235294117647061	0.8235294117647058
0.855	0.29000000000000004	0.8795906432748538	0.8497351432748538	0.8386311364373538	0.8340424056117569	0.8320512979473951	0.8311626466857138	0.830758688038435	0.8305726737376199	0.8304861945265816	0.8304456919880917	0.8304266110396965	0.8304175788993104	0.8304132864874937	0.8304112397499746	0.8304102610220222	0.8304097918492037	0.8304095664571155	0.8304094579725889	0.8304094056694865	0.8304093804149335	0.830409368204294	0.8304093622932106	0.830409359428525	0.83040935803881	0.8304093573640077	0.830409357036066	0.8304093568765671	0.8304093567989363	0.8304093567611267	0.8304093567427002	0.8304093567337149	0.8304093567293308	0.8304093567271907	0.8304093567261456	0.8304093567256349	0.8304093567253852	0.8304093567252632	0.8304093567252034	0.8304093567251742	0.8304093567251599	0.8304093567251529	0.8304093567251495	0.8304093567251478	0.8304093567251469	0.8304093567251466	0.8304093567251463	0.8304093567251463	0.8304093567251463	0.8304093567251463	0.8304093567251462
0.86	0.28	0.8827906976744186	0.8545666976744186	0.8443721888744186	0.8402807926760186	0.8385566783180128	0.8378093781906788	0.8374794700944651	0.8373319351938383	0.8372653231862053	0.8372350250846001	0.8372211630971538	0.8372147906155066	0.8372118495028104	0.8372104875413926	0.8372098550465101	0.837209560590626	0.8372094232122332	0.8372093589967238	0.8372093289295952	0.8372093148303275	0.8372093082098753	0.83720930509738	0.8372093036324699	0.8372093029423062	0.837209302616848	0.8372093024632422	0.8372093023906882	0.8372093023563933	0.8372093023401719	0.8372093023324942	0.8372093023288584	0.8372093023271356	0.8372093023263188	0.8372093023259315	0.8372093023257476	0.8372093023256604	0.8372093023256189	0.8372093023255992	0.8372093023255899	0.8372093023255855	0.8372093023255833	0.8372093023255823	0.8372093023255819	0.8372093023255817	0.8372093023255814	0.8372093023255813	0.8372093023255816	0.8372093023255814	0.8372093023255814	0.8372093023255814
0.865	0.27	0.8860693641618497	0.8594608641618497	0.8501392413993497	0.8465107997390466	0.84502781027696	0.8444043763369934	0.8441374375097481	0.8440216566068424	0.8439709554258292	0.8439485885998254	0.8439386634326203	0.8439342381163643	0.8439322571788588	0.8439313674712541	0.8439309667310613	0.843930785784842	0.8439307039061124	0.8439306667854269	0.8439306499279957	0.8439306422611029	0.8439306387694274	0.8439306371772983	0.8439306364505166	0.8439306361184169	0.8439306359665248	0.8439306358969951	0.8439306358651423	0.8439306358505394	0.8439306358438401	0.8439306358407649	0.8439306358393523	0.8439306358387033	0.8439306358384048	0.8439306358382674	0.8439306358382042	0.8439306358381751	0.8439306358381617	0.8439306358381556	0.8439306358381526	0.8439306358381514	0.8439306358381509	0.8439306358381505	0.8439306358381504	0.8439306358381503	0.8439306358381503	0.8439306358381503	0.8439306358381503	0.8439306358381503	0.8439306358381503	0.8439306358381503
0.87	0.26	0.8894252873563219	0.8644132873563218	0.8559267157563218	0.8527272782631219	0.8514607809314386	0.8509451138778705	0.8507312667507558	0.8506414326276138	0.8506033317301362	0.850587052486674	0.8505800559934188	0.8505770346532133	0.8505757247511672	0.8505751549437771	0.8505749063693733	0.850574797662815	0.850574750020807	0.8505747291014815	0.8505747199004648	0.8505747158474655	0.850574714059728	0.850574713270212	0.8505747129211525	0.8505747127666711	0.8505747126982396	0.8505747126679003	0.8505747126544388	0.8505747126484617	0.8505747126458059	0.850574712644625	0.8505747126440998	0.850574712643866	0.8505747126437619	0.8505747126437155	0.8505747126436949	0.8505747126436856	0.8505747126436815	0.8505747126436796	0.8505747126436788	0.8505747126436785	0.8505747126436782	0.8505747126436782	0.8505747126436781	0.8505747126436781	0.8505747126436781	0.8505747126436781	0.8505747126436781	0.8505747126436782	0.8505747126436781	0.8505747126436782
0.875	0.25	0.8928571428571429	0.8694196428571429	0.8617292131696429	0.8589254106794085	0.8578520800386157	0.8574294560988035	0.857259966289608	0.8571911110546223	0.8571628696496477	0.8571512004580089	0.857146350450234	0.8571443250208507	0.8571434758173854	0.8571431185803506	0.8571429678709767	0.8571429041334705	0.8571428771197228	0.8571428656488116	0.8571428607696914	0.8571428586912503	0.8571428578046654	0.8571428574260196	0.8571428572641271	0.8571428571948388	0.8571428571651568	0.8571428571524305	0.85714285714697	0.8571428571446251	0.8571428571436176	0.8571428571431845	0.8571428571429981	0.8571428571429179	0.8571428571428834	0.8571428571428685	0.8571428571428621	0.8571428571428593	0.8571428571428581	0.8571428571428575	0.8571428571428573	0.8571428571428572	0.8571428571428572	0.8571428571428572	0.8571428571428572	0.8571428571428572	0.8571428571428572	0.8571428571428572	0.8571428571428572	0.8571428571428571	0.8571428571428572	0.8571428571428572
0.88	0.24	0.8963636363636364	0.8744756363636363	0.8675415179636363	0.8651007082868364	0.8641985850302911	0.8638556338530828	0.8637228431572678	0.8636707588523492	0.8636501334676016	0.8636419053141128	0.8636386035206809	0.8636372722375691	0.8636367333341655	0.8636365144564754	0.8636364253044654	0.8636363889019166	0.8636363740059938	0.8636363678990158	0.8636363653910836	0.8636363643596106	0.8636363639348088	0.8636363637596448	0.8636363636873371	0.8636363636574583	0.8636363636451004	0.8636363636399849	0.8636363636378657	0.8636363636369869	0.8636363636366224	0.8636363636364712	0.8636363636364084	0.8636363636363822	0.8636363636363714	0.8636363636363669	0.8636363636363651	0.8636363636363642	0.8636363636363639	0.8636363636363638	0.8636363636363636	0.8636363636363636	0.8636363636363636	0.8636363636363636	0.8636363636363636	0.8636363636363636	0.8636363636363636	0.8636363636363636	0.8636363636363636	0.8636363636363636	0.8636363636363636	0.8636363636363636
0.885	0.22999999999999998	0.8999435028248588	0.8795770028248587	0.8733586012123588	0.8712490084653182	0.870497545158913	0.8702222165180791	0.8701194707525359	0.8700806306514657	0.8700658070841416	0.8700601076695649	0.8700579034494744	0.8700570468995665	0.8700567127273268	0.870056581918174	0.8700565305676397	0.8700565103596639	0.8700565023900803	0.8700564992410867	0.8700564979947414	0.8700564975007066	0.870056497304613	0.870056497226684	0.8700564971956801	0.8700564971833328	0.870056497178411	0.8700564971764473	0.8700564971756634	0.8700564971753502	0.8700564971752248	0.8700564971751747	0.8700564971751547	0.8700564971751467	0.8700564971751433	0.8700564971751421	0.8700564971751416	0.8700564971751413	0.8700564971751413	0.8700564971751413	0.8700564971751412	0.8700564971751412	0.8700564971751412	0.8700564971751412	0.8700564971751412	0.8700564971751412	0.8700564971751412	0.8700564971751412	0.8700564971751412	0.8700564971751412	0.8700564971751412	0.8700564971751412
0.89	0.21999999999999997	0.9035955056179775	0.8847195056179775	0.8791756244179776	0.8773664711863776	0.8767465648315698	0.8765280850358814	0.876449658071889	0.8764211397870111	0.8764106700116752	0.8764067978234327	0.8764053572919628	0.8764048188212992	0.8764046167422337	0.8764045406516934	0.8764045119188182	0.8764045010420841	0.8764044969158591	0.8764044953475538	0.8764044947504651	0.8764044945227983	0.8764044944358729	0.8764044944026433	0.8764044943899264	0.8764044943850547	0.8764044943831867	0.8764044943824698	0.8764044943821945	0.8764044943820887	0.8764044943820479	0.8764044943820323	0.8764044943820263	0.876404494382024	0.8764044943820231	0.8764044943820226	0.8764044943820226	0.8764044943820225	0.8764044943820225	0.8764044943820225	0.8764044943820225	0.8764044943820225	0.8764044943820225	0.8764044943820225	0.8764044943820225	0.8764044943820225	0.8764044943820225	0.8764044943820225	0.8764044943820225	0.8764044943820225	0.8764044943820225	0.8764044943820225
0.895	0.20999999999999996	0.9073184357541899	0.88989893575419	0.8849879432166899	0.8834495748043181	0.8829435862038838	0.882772405200471	0.8827134205062199	0.8826928318986915	0.8826855763447198	0.882683000502134	0.8826820806558673	0.8826817506024836	0.8826816317048776	0.8826815887302526	0.8826815731530253	0.8826815674927283	0.8826815654315134	0.8826815646794913	0.8826815644046586	0.8826815643040676	0.8826815642672008	0.8826815642536725	0.8826815642487028	0.8826815642468753	0.8826815642462027	0.8826815642459549	0.8826815642458635	0.8826815642458298	0.8826815642458173	0.8826815642458128	0.8826815642458111	0.8826815642458105	0.8826815642458102	0.8826815642458101	0.8826815642458101	0.8826815642458101	0.8826815642458101	0.88268156424581	0.8826815642458101	0.8826815642458101	0.8826815642458101	0.88268156424581	0.8826815642458101	0.8826815642458101	0.8826815642458101	0.88268156424581	0.8826815642458101	0.8826815642458101	0.88268156424581	0.8826815642458101
0.9	0.19999999999999996	0.9111111111111111	0.8951111111111112	0.8907911111111111	0.8894951111111111	0.8890868711111112	0.8889546013511112	0.8889109523303111	0.8888963610862152	0.8888914365413327	0.8888897621960727	0.8888891895699939	0.8888889927948503	0.8888889249074258	0.8888889014079328	0.8888888932502516	0.8888888904113785	0.8888888894213215	0.888888889075384	0.8888888889543058	0.8888888889118648	0.8888888888969679	0.8888888888917328	0.8888888888898909	0.8888888888892422	0.8888888888890136	0.888888888888933	0.8888888888889045	0.8888888888888944	0.8888888888888908	0.8888888888888896	0.8888888888888892	0.888888888888889	0.888888888888889	0.888888888888889	0.888888888888889	0.8888888888888888	0.8888888888888888	0.888888888888889	0.888888888888889	0.888888888888889	0.888888888888889	0.8888888888888888	0.888888888888889	0.888888888888889	0.8888888888888888	0.888888888888889	0.888888888888889	0.888888888888889	0.8888888888888888	0.8888888888888888
0.905	0.18999999999999995	0.9149723756906077	0.9003518756906077	0.8965808832281078	0.8955001796382296	0.8951749824192404	0.8950743306279911	0.8950426009895647	0.8950324685828137	0.8950292018315497	0.8950281408088877	0.895027794167479	0.895027680376134	0.8950276428738255	0.8950276304728219	0.8950276263604275	0.8950276249933169	0.8950276245378598	0.8950276243858348	0.8950276243350057	0.8950276243179857	0.8950276243122788	0.8950276243103629	0.8950276243097189	0.8950276243095023	0.8950276243094294	0.8950276243094049	0.8950276243093965	0.8950276243093938	0.8950276243093928	0.8950276243093924	0.8950276243093923	0.8950276243093923	0.8950276243093923	0.8950276243093923	0.8950276243093923	0.8950276243093923	0.8950276243093923	0.8950276243093923	0.8950276243093923	0.8950276243093923	0.8950276243093923	0.8950276243093923	0.8950276243093923	0.8950276243093923	0.8950276243093923	0.8950276243093923	0.8950276243093923	0.8950276243093923	0.8950276243093923	0.8950276243093923
0.91	0.17999999999999994	0.918901098901099	0.905617098901099	0.9023532201010989	0.9014621811886989	0.9012067648844595	0.9011314579413175	0.9011088432662919	0.9011019638821492	0.9010998510512944	0.9010991973414278	0.9010989938938432	0.901098930273934	0.9010989103004635	0.9010989040088203	0.9010989020212902	0.9010989013918791	0.9010989011921277	0.9010989011286138	0.9010989011083845	0.9010989011019319	0.9010989010998709	0.9010989010992118	0.9010989010990007	0.9010989010989331	0.9010989010989114	0.9010989010989044	0.9010989010989022	0.9010989010989015	0.9010989010989012	0.9010989010989011	0.9010989010989011	0.9010989010989011	0.9010989010989011	0.9010989010989011	0.9010989010989011	0.9010989010989011	0.9010989010989011	0.9010989010989011	0.9010989010989011	0.9010989010989011	0.9010989010989011	0.9010989010989011	0.9010989010989011	0.9010989010989011	0.9010989010989011	0.9010989010989011	0.9010989010989011	0.9010989010989011	0.9010989010989011	0.9010989010989011
0.915	0.16999999999999993	0.922896174863388	0.910902674863388	0.908104291475888	0.9073788105826787	0.9071813256150358	0.9071260317989456	0.907110263384942	0.9071057082280309	0.9071043796880481	0.9071039893408589	0.9071038739756988	0.9071038397169657	0.9071038295031527	0.9071038264478477	0.9071038255312889	0.9071038252556523	0.9071038251725814	0.9071038251474981	0.9071038251399114	0.9071038251376133	0.9071038251369163	0.9071038251367046	0.9071038251366402	0.9071038251366206	0.9071038251366147	0.9071038251366128	0.9071038251366123	0.9071038251366121	0.907103825136612	0.907103825136612	0.9071038251366121	0.907103825136612	0.907103825136612	0.907103825136612	0.907103825136612	0.907103825136612	0.907103825136612	0.907103825136612	0.907103825136612	0.907103825136612	0.907103825136612	0.907103825136612	0.907103825136612	0.907103825136612	0.907103825136612	0.907103825136612	0.907103825136612	0.907103825136612	0.907103825136612	0.907103825136612
0.92	0.15999999999999992	0.9269565217391305	0.9162045217391305	0.9138304801391305	0.9132480485999305	0.9130980142354326	0.9130582611302152	0.9130475330922205	0.9130446003531482	0.9130437909171643	0.9130435658579857	0.9130435029134347	0.9130434852248714	0.9130434802343381	0.9130434788216333	0.9130434784205865	0.9130434783064539	0.9130434782739034	0.9130434782646023	0.9130434782619401	0.913043478261177	0.913043478260958	0.913043478260895	0.913043478260877	0.9130434782608717	0.9130434782608703	0.9130434782608697	0.9130434782608696	0.9130434782608696	0.9130434782608696	0.9130434782608696	0.9130434782608696	0.9130434782608696	0.9130434782608696	0.9130434782608696	0.9130434782608696	0.9130434782608696	0.9130434782608696	0.9130434782608696	0.9130434782608696	0.9130434782608696	0.9130434782608696	0.9130434782608696	0.9130434782608696	0.9130434782608696	0.9130434782608696	0.9130434782608696	0.9130434782608696	0.9130434782608696	0.9130434782608696	0.9130434782608696
0.925	0.1499999999999999	0.9310810810810811	0.9215185810810811	0.9195283857685811	0.9190681531025655	0.9189564028583486	0.9189284932348554	0.9189213937243793	0.918919564332662	0.918919088404973	0.9189189636722579	0.9189189307895959	0.9189189220794272	0.9189189197630666	0.9189189191449992	0.9189189189796111	0.9189189189352457	0.918918918923319	0.9189189189201067	0.91891891891924	0.9189189189190059	0.9189189189189425	0.9189189189189253	0.9189189189189207	0.9189189189189194	0.9189189189189191	0.918918918918919	0.918918918918919	0.918918918918919	0.918918918918919	0.918918918918919	0.918918918918919	0.918918918918919	0.918918918918919	0.918918918918919	0.918918918918919	0.918918918918919	0.918918918918919	0.918918918918919	0.918918918918919	0.918918918918919	0.918918918918919	0.918918918918919	0.918918918918919	0.918918918918919	0.918918918918919	0.918918918918919	0.918918918918919	0.918918918918919	0.918918918918919	0.918918918918919
0.93	0.1399999999999999	0.9352688172043011	0.9268408172043011	0.9251948288043012	0.9248376493215011	0.9247562659763451	0.9247371929755744	0.9247326402502904	0.9247315394013167	0.924731270656561	0.9247312045632675	0.9247311882131085	0.9247311841490535	0.9247311831348686	0.9247311828809323	0.9247311828171689	0.9247311828011184	0.9247311827970695	0.924731182796046	0.924731182795787	0.9247311827957213	0.9247311827957047	0.9247311827957004	0.9247311827956993	0.9247311827956991	0.924731182795699	0.924731182795699	0.924731182795699	0.924731182795699	0.924731182795699	0.924731182795699	0.924731182795699	0.924731182795699	0.924731182795699	0.924731182795699	0.924731182795699	0.924731182795699	0.924731182795699	0.924731182795699	0.924731182795699	0.924731182795699	0.924731182795699	0.924731182795699	0.924731182795699	0.924731182795699	0.924731182795699	0.924731182795699	0.924731182795699	0.924731182795699	0.924731182795699	0.924731182795699
0.935	0.1299999999999999	0.9395187165775402	0.9321672165775402	0.9308268543400402	0.9305553192900933	0.9304975603907815	0.930484923321201	0.9304821072555539	0.9304814715689637	0.9304813266920167	0.9304812934290745	0.9304812857471643	0.9304812839645771	0.9304812835492862	0.930481283452212	0.930481283429456	0.9304812834241085	0.9304812834228491	0.930481283422552	0.9304812834224817	0.9304812834224652	0.9304812834224612	0.9304812834224603	0.9304812834224601	0.93048128342246	0.93048128342246	0.93048128342246	0.93048128342246	0.93048128342246	0.93048128342246	0.93048128342246	0.93048128342246	0.93048128342246	0.93048128342246	0.93048128342246	0.93048128342246	0.93048128342246	0.93048128342246	0.93048128342246	0.93048128342246	0.93048128342246	0.93048128342246	0.93048128342246	0.93048128342246	0.93048128342246	0.93048128342246	0.93048128342246	0.93048128342246	0.93048128342246	0.93048128342246	0.93048128342246
0.94	0.1200000000000001	0.9438297872340425	0.9374937872340425	0.9364217360340424	0.9362201904084425	0.936180405301949	0.9361723273339266	0.9361706568101396	0.9361703068592708	0.936170232844662	0.9361702170746161	0.9361702136947798	0.9361702129669475	0.9361702128095901	0.9361702127754556	0.93617021276803	0.9361702127664105	0.9361702127660566	0.9361702127659791	0.9361702127659621	0.9361702127659585	0.9361702127659576	0.9361702127659575	0.9361702127659574	0.9361702127659574	0.9361702127659574	0.9361702127659574	0.9361702127659574	0.9361702127659574	0.9361702127659574	0.9361702127659574	0.9361702127659574	0.9361702127659574	0.9361702127659575	0.9361702127659574	0.9361702127659574	0.9361702127659574	0.9361702127659574	0.9361702127659574	0.9361702127659574	0.9361702127659574	0.9361702127659574	0.9361702127659574	0.9361702127659574	0.9361702127659574	0.9361702127659574	0.9361702127659574	0.9361702127659574	0.9361702127659574	0.9361702127659574	0.9361702127659574
0.945	0.1100000000000001	0.9482010582010582	0.9428165582010581	0.9419769800385581	0.941831523121905	0.9418050626905543	0.9418001116792444	0.941799168140264	0.9417989859900637	0.9417989504878513	0.9417989435169919	0.9417989421402123	0.9417989418669904	0.9417989418125543	0.9417989418016723	0.9417989417994909	0.9417989417990523	0.9417989417989641	0.9417989417989463	0.9417989417989426	0.941798941798942	0.9417989417989417	0.9417989417989417	0.9417989417989417	0.9417989417989417	0.9417989417989417	0.9417989417989417	0.9417989417989417	0.9417989417989417	0.9417989417989417	0.9417989417989417	0.9417989417989417	0.9417989417989417	0.9417989417989417	0.9417989417989417	0.9417989417989417	0.9417989417989417	0.9417989417989417	0.9417989417989417	0.9417989417989417	0.9417989417989417	0.9417989417989417	0.9417989417989417	0.9417989417989417	0.9417989417989417	0.9417989417989417	0.9417989417989417	0.9417989417989417	0.9417989417989417	0.9417989417989417	0.9417989417989417
0.95	0.10000000000000009	0.9526315789473684	0.9481315789473683	0.9474903289473684	0.9473887976973684	0.9473719181270559	0.9473690317205324	0.9473685290047296	0.9473684403112987	0.9473684245127812	0.9473684216778251	0.9473684211661155	0.94736842107331	0.9473684210564117	0.9473684210533244	0.9473684210527589	0.947368421052655	0.9473684210526359	0.9473684210526323	0.9473684210526316	0.9473684210526315	0.9473684210526315	0.9473684210526315	0.9473684210526315	0.9473684210526315	0.9473684210526315	0.9473684210526315	0.9473684210526315	0.9473684210526315	0.9473684210526315	0.9473684210526315	0.9473684210526315	0.9473684210526315	0.9473684210526315	0.9473684210526315	0.9473684210526315	0.9473684210526315	0.9473684210526315	0.9473684210526315	0.9473684210526315	0.9473684210526315	0.9473684210526315	0.9473684210526315	0.9473684210526315	0.9473684210526315	0.9473684210526315	0.9473684210526315	0.9473684210526315	0.9473684210526315	0.9473684210526315	0.9473684210526315
0.955	0.09000000000000008	0.9571204188481675	0.9534349188481674	0.9529597657606675	0.9528917000808831	0.9528814621518226	0.9528798782418176	0.9528796286571986	0.9528795888181452	0.9528795823978327	0.9528795813554949	0.9528795811852759	0.9528795811573454	0.9528795811527442	0.9528795811519837	0.9528795811518576	0.9528795811518366	0.9528795811518331	0.9528795811518326	0.9528795811518325	0.9528795811518324	0.9528795811518325	0.9528795811518325	0.9528795811518324	0.9528795811518325	0.9528795811518325	0.9528795811518325	0.9528795811518325	0.9528795811518325	0.9528795811518325	0.9528795811518325	0.9528795811518325	0.9528795811518325	0.9528795811518324	0.9528795811518325	0.9528795811518324	0.9528795811518325	0.9528795811518325	0.9528795811518325	0.9528795811518325	0.9528795811518325	0.9528795811518325	0.9528795811518325	0.9528795811518325	0.9528795811518324	0.9528795811518325	0.9528795811518324	0.9528795811518325	0.9528795811518324	0.9528795811518325	0.9528795811518325
0.96	0.08000000000000007	0.9616666666666667	0.9587226666666666	0.9583835178666666	0.9583401068202666	0.9583342723756305	0.958333465822004	0.9583333522592533	0.9583333360619605	0.9583333337295503	0.9583333333911953	0.9583333333418226	0.9583333333345836	0.958333333333518	0.9583333333333607	0.9583333333333374	0.9583333333333339	0.9583333333333334	0.9583333333333333	0.9583333333333333	0.9583333333333333	0.9583333333333333	0.9583333333333333	0.9583333333333333	0.9583333333333333	0.9583333333333333	0.9583333333333333	0.9583333333333333	0.9583333333333333	0.9583333333333333	0.9583333333333333	0.9583333333333333	0.9583333333333333	0.9583333333333333	0.9583333333333333	0.9583333333333333	0.9583333333333333	0.9583333333333333	0.9583333333333333	0.9583333333333333	0.9583333333333333	0.9583333333333333	0.9583333333333333	0.9583333333333333	0.9583333333333333	0.9583333333333333	0.9583333333333333	0.9583333333333333	0.9583333333333333	0.9583333333333333	0.9583333333333333
0.965	0.07000000000000006	0.9662694300518134	0.9639909300518135	0.9637600610393134	0.9637340690363229	0.9637309964566693	0.9637306228617092	0.9637305765950867	0.9637305707909389	0.9637305700558073	0.9637305699620086	0.96373056994997	0.9637305699484175	0.9637305699482165	0.9637305699481904	0.963730569948187	0.9637305699481866	0.9637305699481865	0.9637305699481865	0.9637305699481865	0.9637305699481865	0.9637305699481865	0.9637305699481865	0.9637305699481865	0.9637305699481865	0.9637305699481865	0.9637305699481865	0.9637305699481865	0.9637305699481865	0.9637305699481865	0.9637305699481865	0.9637305699481865	0.9637305699481865	0.9637305699481865	0.9637305699481865	0.9637305699481865	0.9637305699481865	0.9637305699481865	0.9637305699481865	0.9637305699481865	0.9637305699481865	0.9637305699481865	0.9637305699481865	0.9637305699481865	0.9637305699481865	0.9637305699481865	0.9637305699481865	0.9637305699481865	0.9637305699481865	0.9637305699481865	0.9637305699481865
0.97	0.06000000000000005	0.9709278350515463	0.9692358350515463	0.9690881234515464	0.9690737954263464	0.9690723361169797	0.9690721832397305	0.969072166927728	0.9690721651646336	0.9690721649722359	0.969072164951085	0.9690721649487462	0.9690721649484862	0.9690721649484573	0.9690721649484539	0.9690721649484536	0.9690721649484536	0.9690721649484536	0.9690721649484536	0.9690721649484536	0.9690721649484536	0.9690721649484536	0.9690721649484536	0.9690721649484536	0.9690721649484536	0.9690721649484536	0.9690721649484536	0.9690721649484536	0.9690721649484536	0.9690721649484536	0.9690721649484536	0.9690721649484536	0.9690721649484536	0.9690721649484536	0.9690721649484536	0.9690721649484536	0.9690721649484536	0.9690721649484536	0.9690721649484536	0.9690721649484536	0.9690721649484536	0.9690721649484536	0.9690721649484536	0.9690721649484536	0.9690721649484536	0.9690721649484536	0.9690721649484536	0.9690721649484536	0.9690721649484536	0.9690721649484536	0.9690721649484536
0.975	0.050000000000000044	0.9756410256410256	0.9744535256410256	0.9743666897035256	0.9743596342836037	0.9743590323680916	0.9743589795500055	0.974358974829389	0.9743589744020046	0.9743589743629391	0.9743589743593417	0.9743589743590085	0.9743589743589776	0.9743589743589747	0.9743589743589743	0.9743589743589743	0.9743589743589743	0.9743589743589743	0.9743589743589743	0.9743589743589743	0.9743589743589743	0.9743589743589743	0.9743589743589743	0.9743589743589743	0.9743589743589743	0.9743589743589743	0.9743589743589743	0.9743589743589743	0.9743589743589743	0.9743589743589743	0.9743589743589743	0.9743589743589743	0.9743589743589743	0.9743589743589743	0.9743589743589743	0.9743589743589743	0.9743589743589743	0.9743589743589743	0.9743589743589743	0.9743589743589743	0.9743589743589743	0.9743589743589743	0.9743589743589743	0.9743589743589743	0.9743589743589743	0.9743589743589743	0.9743589743589743	0.9743589743589743	0.9743589743589743	0.9743589743589743	0.9743589743589743
0.98	0.040000000000000036	0.9804081632653061	0.9796401632653061	0.9795950048653062	0.9795920545165061	0.9795918521225784	0.9795918378416629	0.9795918368153411	0.9795918367406249	0.9795918367351332	0.9795918367347266	0.9795918367346963	0.9795918367346941	0.9795918367346939	0.9795918367346939	0.9795918367346939	0.9795918367346939	0.9795918367346939	0.9795918367346939	0.9795918367346939	0.9795918367346939	0.9795918367346939	0.9795918367346939	0.9795918367346939	0.9795918367346939	0.9795918367346939	0.9795918367346939	0.9795918367346939	0.9795918367346939	0.9795918367346939	0.9795918367346939	0.9795918367346939	0.9795918367346939	0.9795918367346939	0.9795918367346939	0.9795918367346939	0.9795918367346939	0.9795918367346939	0.9795918367346939	0.9795918367346939	0.9795918367346939	0.9795918367346939	0.9795918367346939	0.9795918367346939	0.9795918367346939	0.9795918367346939	0.9795918367346939	0.9795918367346939	0.9795918367346939	0.9795918367346939	0.9795918367346939
0.985	0.030000000000000027	0.9852284263959391	0.984791926395939	0.984772578533439	0.9847716256512109	0.9847715763752887	0.9847715737543025	0.9847715736123105	0.9847715736045182	0.9847715736040864	0.9847715736040623	0.984771573604061	0.9847715736040609	0.9847715736040609	0.9847715736040609	0.9847715736040609	0.9847715736040609	0.9847715736040609	0.9847715736040609	0.9847715736040609	0.9847715736040609	0.9847715736040609	0.9847715736040609	0.9847715736040609	0.9847715736040609	0.9847715736040609	0.9847715736040609	0.9847715736040609	0.9847715736040609	0.9847715736040609	0.9847715736040609	0.9847715736040609	0.9847715736040609	0.9847715736040609	0.9847715736040609	0.9847715736040609	0.9847715736040609	0.9847715736040609	0.9847715736040609	0.9847715736040609	0.9847715736040609	0.9847715736040609	0.9847715736040609	0.9847715736040609	0.9847715736040609	0.9847715736040609	0.9847715736040609	0.9847715736040609	0.9847715736040609	0.9847715736040609	0.9847715736040609
0.99	0.020000000000000018	0.99010101010101	0.9899050101010101	0.9898991889010101	0.9898989968014101	0.9898989901451589	0.9898989899079301	0.9898989898993188	0.989898989899002	0.9898989898989904	0.98989898989899	0.9898989898989898	0.9898989898989898	0.98989898989899	0.9898989898989898	0.9898989898989898	0.98989898989899	0.98989898989899	0.98989898989899	0.9898989898989898	0.9898989898989898	0.9898989898989898	0.98989898989899	0.98989898989899	0.98989898989899	0.9898989898989898	0.98989898989899	0.9898989898989898	0.9898989898989898	0.9898989898989898	0.98989898989899	0.9898989898989898	0.98989898989899	0.9898989898989898	0.98989898989899	0.9898989898989898	0.98989898989899	0.98989898989899	0.9898989898989898	0.98989898989899	0.9898989898989898	0.9898989898989898	0.9898989898989898	0.98989898989899	0.98989898989899	0.9898989898989898	0.9898989898989898	0.9898989898989898	0.98989898989899	0.9898989898989898	0.98989898989899
0.995	0.010000000000000009	0.9950251256281407	0.9949756256281407	0.9949748868406407	0.9949748745890813	0.994974874375751	0.9949748743719303	0.9949748743718606	0.9949748743718593	0.9949748743718593	0.9949748743718593	0.9949748743718593	0.9949748743718593	0.9949748743718593	0.9949748743718593	0.9949748743718593	0.9949748743718593	0.9949748743718593	0.9949748743718593	0.9949748743718593	0.9949748743718593	0.9949748743718593	0.9949748743718593	0.9949748743718593	0.9949748743718593	0.9949748743718593	0.9949748743718593	0.9949748743718593	0.9949748743718593	0.9949748743718593	0.9949748743718593	0.9949748743718593	0.9949748743718593	0.9949748743718593	0.9949748743718593	0.9949748743718593	0.9949748743718593	0.9949748743718593	0.9949748743718593	0.9949748743718593	0.9949748743718593	0.9949748743718593	0.9949748743718593	0.9949748743718593	0.9949748743718593	0.9949748743718593	0.9949748743718593	0.9949748743718593	0.9949748743718593	0.9949748743718593	0.9949748743718593
1.0	0.0	1.0	1.0	1.0	1.0	1.0	1.0	1.0	1.0	1.0	1.0	1.0	1.0	1.0	1.0	1.0	1.0	1.0	1.0	1.0	1.0	1.0	1.0	1.0	1.0	1.0	1.0	1.0	1.0	1.0	1.0	1.0	1.0	1.0	1.0	1.0	1.0	1.0	1.0	1.0	1.0	1.0	1.0	1.0	1.0	1.0	1.0	1.0	1.0	1.0	1.0
